-- phpMyAdmin SQL Dump
-- version 4.1.6
-- http://www.phpmyadmin.net
--
-- 主機: 127.0.0.1
-- 產生時間： 2015-01-14: 02:14:28
-- 伺服器版本: 5.6.16
-- PHP 版本： 5.5.9

SET SQL_MODE = "NO_AUTO_VALUE_ON_ZERO";
SET time_zone = "+00:00";


/*!40101 SET @OLD_CHARACTER_SET_CLIENT=@@CHARACTER_SET_CLIENT */;
/*!40101 SET @OLD_CHARACTER_SET_RESULTS=@@CHARACTER_SET_RESULTS */;
/*!40101 SET @OLD_COLLATION_CONNECTION=@@COLLATION_CONNECTION */;
/*!40101 SET NAMES utf8 */;

--
-- 資料庫： `littleb1_sample`
--

-- --------------------------------------------------------

--
-- 資料表結構 `aboutus`
--

CREATE TABLE IF NOT EXISTS `aboutus` (
  `aboutus_id` int(11) NOT NULL AUTO_INCREMENT,
  `aboutus_content1` text COLLATE utf8_unicode_ci,
  `aboutus_content2` text COLLATE utf8_unicode_ci,
  `aboutus_content3` text COLLATE utf8_unicode_ci,
  `aboutus_content4` text COLLATE utf8_unicode_ci,
  `aboutus_content5` text COLLATE utf8_unicode_ci,
  `aboutus_content6` text COLLATE utf8_unicode_ci,
  PRIMARY KEY (`aboutus_id`)
) ENGINE=MyISAM  DEFAULT CHARSET=utf8 COLLATE=utf8_unicode_ci AUTO_INCREMENT=2 ;

--
-- 資料表的匯出資料 `aboutus`
--

INSERT INTO `aboutus` (`aboutus_id`, `aboutus_content1`, `aboutus_content2`, `aboutus_content3`, `aboutus_content4`, `aboutus_content5`, `aboutus_content6`) VALUES
(1, '這是關於我們的內容', NULL, NULL, NULL, NULL, NULL);

-- --------------------------------------------------------

--
-- 資料表結構 `area`
--

CREATE TABLE IF NOT EXISTS `area` (
  `area_id` smallint(5) unsigned NOT NULL AUTO_INCREMENT COMMENT '區域自動編號',
  `area_name` varchar(32) COLLATE utf8_unicode_ci NOT NULL COMMENT '區域名稱',
  `city_id` tinyint(3) unsigned NOT NULL DEFAULT '0' COMMENT '縣市編號',
  PRIMARY KEY (`area_id`),
  KEY `city_id` (`city_id`)
) ENGINE=MyISAM  DEFAULT CHARSET=utf8 COLLATE=utf8_unicode_ci COMMENT='台灣鄉鎮市區列表' AUTO_INCREMENT=369 ;

--
-- 資料表的匯出資料 `area`
--

INSERT INTO `area` (`area_id`, `area_name`, `city_id`) VALUES
(1, '松山區', 1),
(2, '大安區', 1),
(3, '大同區', 1),
(4, '中山區', 1),
(5, '內湖區', 1),
(6, '南港區', 1),
(7, '士林區', 1),
(8, '北投區', 1),
(9, '信義區', 1),
(10, '中正區', 1),
(11, '萬華區', 1),
(12, '文山區', 1),
(13, '鹽埕區', 2),
(14, '鼓山區', 2),
(15, '左營區', 2),
(16, '楠梓區', 2),
(17, '三民區', 2),
(18, '新興區', 2),
(19, '前金區', 2),
(20, '苓雅區', 2),
(21, '前鎮區', 2),
(22, '旗津區', 2),
(23, '小港區', 2),
(24, '板橋區', 3),
(25, '三重區', 3),
(26, '永和區', 3),
(27, '中和區', 3),
(28, '新莊區', 3),
(29, '新店區', 3),
(30, '鶯歌區', 3),
(31, '三峽區', 3),
(32, '淡水區', 3),
(33, '瑞芳區', 3),
(34, '五股區', 3),
(35, '泰山區', 3),
(36, '林口區', 3),
(37, '深坑區', 3),
(38, '石碇區', 3),
(39, '坪林區', 3),
(40, '三芝區', 3),
(41, '石門區', 3),
(42, '八里鄉', 3),
(43, '平溪區', 3),
(44, '雙溪區', 3),
(45, '貢寮區', 3),
(46, '金山區', 3),
(47, '萬里區', 3),
(48, '烏來區', 3),
(49, '土城區', 3),
(50, '蘆洲區', 3),
(51, '汐止區', 3),
(52, '樹林區', 3),
(53, '宜蘭市', 4),
(54, '羅東鎮', 4),
(55, '蘇澳鎮', 4),
(56, '頭城鎮', 4),
(57, '礁溪鎮', 4),
(58, '壯圍鄉', 4),
(59, '員山鄉', 4),
(60, '冬山鄉', 4),
(61, '五結鄉', 4),
(62, '三星鄉', 4),
(63, '大同鄉', 4),
(64, '南澳鄉', 4),
(65, '桃園市', 5),
(66, '中壢市', 5),
(67, '大溪鎮', 5),
(68, '楊梅鎮', 5),
(69, '蘆竹鄉', 5),
(70, '大園鄉', 5),
(71, '龜山鄉', 5),
(72, '龍潭鄉', 5),
(73, '新屋鄉', 5),
(74, '觀音鄉', 5),
(75, '復興鄉', 5),
(76, '平鎮市', 5),
(77, '八德市', 5),
(78, '竹北市', 6),
(79, '關西鎮', 6),
(80, '新埔鎮', 6),
(81, '竹東鎮', 6),
(82, '湖口鄉', 6),
(83, '橫山鄉', 6),
(84, '新豐鄉', 6),
(85, '芎林鄉', 6),
(86, '寶山鄉', 6),
(87, '北埔鄉', 6),
(88, '峨眉鄉', 6),
(89, '尖石鄉', 6),
(90, '五峰鄉', 6),
(91, '苗栗市', 7),
(92, '苑裡鎮', 7),
(93, '通宵鎮', 7),
(94, '竹南鎮', 7),
(95, '頭份鎮', 7),
(96, '後龍鎮', 7),
(97, '卓蘭鎮', 7),
(98, '大湖鄉', 7),
(99, '公館鄉', 7),
(100, '銅鑼鄉', 7),
(101, '南庄鄉', 7),
(102, '頭屋鄉', 7),
(103, '三義鄉', 7),
(104, '西湖鄉', 7),
(105, '造橋鄉', 7),
(106, '三灣鄉', 7),
(107, '獅潭鄉', 7),
(108, '泰安鄉', 7),
(109, '豐原區', 23),
(110, '東勢區', 23),
(111, '大甲區', 23),
(112, '清水區', 23),
(113, '沙鹿區', 23),
(114, '梧棲區', 23),
(115, '后里區', 23),
(116, '神岡區', 23),
(117, '潭子區', 23),
(118, '大雅區', 23),
(119, '新社區', 23),
(120, '石岡區', 23),
(121, '外埔區', 23),
(122, '大安區', 23),
(123, '烏日區', 23),
(124, '大肚區', 23),
(125, '龍井區', 23),
(126, '霧峰區', 23),
(127, '和平區', 23),
(128, '大里區', 23),
(129, '太平區', 23),
(130, '彰化市', 9),
(131, '鹿港鎮', 9),
(132, '和美鎮', 9),
(133, '北斗鎮', 9),
(134, '員林鎮', 9),
(135, '溪湖鎮', 9),
(136, '田中鎮', 9),
(137, '二林鎮', 9),
(138, '線西鄉', 9),
(139, '伸港鄉', 9),
(140, '福興鄉', 9),
(141, '秀水鄉', 9),
(142, '花壇鄉', 9),
(143, '芬園鄉', 9),
(144, '大村鄉', 9),
(145, '埔鹽鄉', 9),
(146, '埔心鄉', 9),
(147, '永靖鄉', 9),
(148, '社頭鄉', 9),
(149, '二水鄉', 9),
(150, '田尾鄉', 9),
(151, '埤頭鄉', 9),
(152, '芳苑鄉', 9),
(153, '大城鄉', 9),
(154, '竹塘鄉', 9),
(155, '溪州鄉', 9),
(156, '南投市', 10),
(157, '埔里鎮', 10),
(158, '草屯鎮', 10),
(159, '竹山鎮', 10),
(160, '集集鎮', 10),
(161, '名間鄉', 10),
(162, '鹿谷鄉', 10),
(163, '中寮鄉', 10),
(164, '魚池鄉', 10),
(165, '國姓鄉', 10),
(166, '水里鄉', 10),
(167, '信義鄉', 10),
(168, '仁愛鄉', 10),
(169, '斗六市', 11),
(170, '斗南鎮', 11),
(171, '虎尾鎮', 11),
(172, '西螺鎮', 11),
(173, '土庫鎮', 11),
(174, '北港鎮', 11),
(175, '古坑鄉', 11),
(176, '大埤鄉', 11),
(177, '莿桐鄉', 11),
(178, '林內鄉', 11),
(179, '二崙鄉', 11),
(180, '崙背鄉', 11),
(181, '麥寮鄉', 11),
(182, '東勢鄉', 11),
(183, '褒忠鄉', 11),
(184, '台西鄉', 11),
(185, '元長鄉', 11),
(186, '四湖鄉', 11),
(187, '口湖鄉', 11),
(188, '水林鄉', 11),
(189, '太保市', 12),
(190, '大林鎮', 12),
(191, '民雄鄉', 12),
(192, '溪口鄉', 12),
(193, '新港鄉', 12),
(194, '六腳鄉', 12),
(195, '東石鄉', 12),
(196, '義竹鄉', 12),
(197, '鹿草鄉', 12),
(198, '水上鄉', 12),
(199, '中埔鄉', 12),
(200, '竹崎鄉', 12),
(201, '梅山鄉', 12),
(202, '番路鄉', 12),
(203, '大埔鄉', 12),
(204, '布袋鎮', 12),
(205, '朴子市', 12),
(206, '阿里山鄉', 12),
(207, '新營區', 25),
(208, '鹽水區', 25),
(209, '白河區', 25),
(210, '麻豆區', 25),
(211, '佳里區', 25),
(212, '新化區', 25),
(213, '善化區', 25),
(214, '學甲區', 25),
(215, '柳營區', 25),
(216, '後壁區', 25),
(217, '東山區', 25),
(218, '下營區', 25),
(219, '六甲區', 25),
(220, '官田區', 25),
(221, '大內區', 25),
(222, '西港區', 25),
(223, '七股區', 25),
(224, '將軍區', 25),
(225, '北門區', 25),
(226, '安定區', 25),
(227, '楠西區', 25),
(228, '新市區', 25),
(229, '山上區', 25),
(230, '玉井區', 25),
(231, '南化區', 25),
(232, '左鎮區', 25),
(233, '仁德區', 25),
(234, '歸仁區', 25),
(235, '關廟區', 25),
(236, '龍崎區', 25),
(237, '永康區', 25),
(238, '鳳山區', 2),
(239, '岡山區', 2),
(240, '旗山區', 2),
(241, '美濃區', 2),
(242, '林園區', 2),
(243, '大寮區', 2),
(244, '大樹區', 2),
(245, '仁武區', 2),
(246, '大社區', 2),
(247, '鳥松區', 2),
(248, '橋頭區', 2),
(249, '燕巢區', 2),
(250, '田寮區', 2),
(251, '阿蓮區', 2),
(252, '路竹區', 2),
(253, '湖內區', 2),
(254, '茄萣區', 2),
(255, '永安區', 2),
(256, '彌陀區', 2),
(257, '梓官區', 2),
(258, '六龜區', 2),
(259, '甲仙區', 2),
(260, '杉林區', 2),
(261, '內門區', 2),
(262, '茂林區', 2),
(263, '桃源區', 2),
(264, '三民區', 2),
(265, '屏東市', 15),
(266, '潮州鎮', 15),
(267, '東港鎮', 15),
(268, '恆春鎮', 15),
(269, '萬丹鄉', 15),
(270, '長治鄉', 15),
(271, '麟洛鄉', 15),
(272, '九如鄉', 15),
(273, '里港鄉', 15),
(274, '鹽埔鄉', 15),
(275, '高樹鄉', 15),
(276, '萬巒鄉', 15),
(277, '內埔鄉', 15),
(278, '竹田鄉', 15),
(279, '新埤鄉', 15),
(280, '枋寮鄉', 15),
(281, '新園鄉', 15),
(282, '崁頂鄉', 15),
(283, '林邊鄉', 15),
(284, '南州鄉', 15),
(285, '佳冬鄉', 15),
(286, '琉球鄉', 15),
(287, '車城鄉', 15),
(288, '滿州鄉', 15),
(289, '枋山鄉', 15),
(290, '霧台鄉', 15),
(291, '瑪家鄉', 15),
(292, '泰武鄉', 15),
(293, '來義鄉', 15),
(294, '春日鄉', 15),
(295, '獅子鄉', 15),
(296, '牡丹鄉', 15),
(297, '三地門鄉', 15),
(298, '台東市', 16),
(299, '成功鎮', 16),
(300, '關山鎮', 16),
(301, '卑南鄉', 16),
(302, '大武鄉', 16),
(303, '東河鄉', 16),
(304, '長濱鄉', 16),
(305, '鹿野鄉', 16),
(306, '池上鄉', 16),
(307, '綠島鄉', 16),
(308, '延平鄉', 16),
(309, '海端鄉', 16),
(310, '達仁鄉', 16),
(311, '金峰鄉', 16),
(312, '蘭嶼鄉', 16),
(313, '太麻里鄉', 16),
(314, '花蓮市', 17),
(315, '鳳林鎮', 17),
(316, '玉里鎮', 17),
(317, '新城鄉', 17),
(318, '吉安鄉', 17),
(319, '壽豐鄉', 17),
(320, '光復鄉', 17),
(321, '豐濱鄉', 17),
(322, '瑞穗鄉', 17),
(323, '富里鄉', 17),
(324, '秀林鄉', 17),
(325, '卓溪鄉', 17),
(326, '萬榮鄉', 17),
(327, '馬公市', 18),
(328, '湖西鄉', 18),
(329, '白沙鄉', 18),
(330, '西嶼鄉', 18),
(331, '望安鄉', 18),
(332, '七美鄉', 18),
(333, '金城鎮', 19),
(334, '金湖鎮', 19),
(335, '金沙鎮', 19),
(336, '金寧鄉', 19),
(337, '烈嶼鄉', 19),
(338, '烏坵鄉', 19),
(339, '南竿鄉', 20),
(340, '北竿鄉', 20),
(341, '莒光鄉', 20),
(342, '東引鄉', 20),
(343, '七堵區', 21),
(344, '中山區', 21),
(345, '中正區', 21),
(346, '信義區', 21),
(347, '仁愛區', 21),
(348, '安樂區', 21),
(349, '暖暖區', 21),
(350, '東區', 22),
(351, '北區', 22),
(352, '香山區', 22),
(353, '西區', 23),
(354, '北區', 23),
(355, '中區', 23),
(356, '東區', 23),
(357, '南區', 23),
(358, '南屯區', 23),
(359, '西屯區', 23),
(360, '北屯區', 23),
(361, '西區', 24),
(362, '東區', 24),
(363, '南區', 25),
(364, '中西區', 25),
(365, '東區', 25),
(366, '安平區', 25),
(367, '北區', 25),
(368, '安南區', 25);

-- --------------------------------------------------------

--
-- 資料表結構 `city`
--

CREATE TABLE IF NOT EXISTS `city` (
  `city_id` tinyint(3) unsigned NOT NULL AUTO_INCREMENT COMMENT '縣市自動編號',
  `city_name` varchar(16) COLLATE utf8_unicode_ci NOT NULL COMMENT '縣市名稱',
  PRIMARY KEY (`city_id`)
) ENGINE=MyISAM  DEFAULT CHARSET=utf8 COLLATE=utf8_unicode_ci COMMENT='台灣縣市列表' AUTO_INCREMENT=26 ;

--
-- 資料表的匯出資料 `city`
--

INSERT INTO `city` (`city_id`, `city_name`) VALUES
(1, '台北市'),
(2, '高雄市'),
(3, '新北市'),
(4, '宜蘭縣'),
(5, '桃園縣'),
(6, '新竹縣'),
(7, '苗栗縣'),
(9, '彰化縣'),
(10, '南投縣'),
(11, '雲林縣'),
(12, '嘉義縣'),
(15, '屏東縣'),
(16, '台東縣'),
(17, '花蓮縣'),
(18, '澎湖縣'),
(19, '金門縣'),
(20, '連江縣'),
(21, '基隆市'),
(22, '新竹市'),
(23, '台中市'),
(24, '嘉義市'),
(25, '台南市');

-- --------------------------------------------------------

--
-- 資料表結構 `class3`
--

CREATE TABLE IF NOT EXISTS `class3` (
  `class3_id` int(11) NOT NULL AUTO_INCREMENT COMMENT '產品編號',
  `qa_re_id` int(11) NOT NULL COMMENT '產品特性編號',
  `qa_id` int(11) NOT NULL COMMENT '產品種類編號',
  `ready` int(11) NOT NULL,
  `class3_name` varchar(50) COLLATE utf8_unicode_ci NOT NULL COMMENT '產品名稱',
  `class3_ename` varchar(50) COLLATE utf8_unicode_ci DEFAULT NULL COMMENT '產品英文名稱',
  `class3_price` int(11) DEFAULT NULL COMMENT '產品價格',
  `class3_price2` int(11) DEFAULT NULL,
  `class3_point` int(11) DEFAULT NULL,
  `class3_inventory` int(11) NOT NULL,
  `class3_safe_inventory` int(11) NOT NULL,
  `class3_brief` text COLLATE utf8_unicode_ci,
  `class3_plus` text COLLATE utf8_unicode_ci,
  `class3_content` text COLLATE utf8_unicode_ci COMMENT '產品成分',
  `photo` varchar(60) COLLATE utf8_unicode_ci NOT NULL COMMENT '產品圖片',
  `photo_thum` varchar(60) COLLATE utf8_unicode_ci NOT NULL COMMENT '產品縮圖圖片',
  `qrcode` text COLLATE utf8_unicode_ci,
  `photo1` varchar(40) COLLATE utf8_unicode_ci DEFAULT NULL,
  `photo1_thum` varchar(40) COLLATE utf8_unicode_ci DEFAULT NULL,
  `photo2` varchar(40) COLLATE utf8_unicode_ci DEFAULT NULL,
  `photo2_thum` varchar(40) COLLATE utf8_unicode_ci DEFAULT NULL,
  `photo3` varchar(40) COLLATE utf8_unicode_ci DEFAULT NULL,
  `photo3_thum` varchar(40) COLLATE utf8_unicode_ci DEFAULT NULL,
  `photo4` varchar(40) COLLATE utf8_unicode_ci DEFAULT NULL,
  `photo4_thum` varchar(40) COLLATE utf8_unicode_ci DEFAULT NULL,
  `ontime` datetime NOT NULL,
  `offtime` datetime NOT NULL,
  `nowtime` datetime NOT NULL,
  `sort` int(11) NOT NULL COMMENT '自訂排序',
  PRIMARY KEY (`class3_id`)
) ENGINE=MyISAM  DEFAULT CHARSET=utf8 COLLATE=utf8_unicode_ci COMMENT='產品資料表' AUTO_INCREMENT=112 ;

--
-- 資料表的匯出資料 `class3`
--

INSERT INTO `class3` (`class3_id`, `qa_re_id`, `qa_id`, `ready`, `class3_name`, `class3_ename`, `class3_price`, `class3_price2`, `class3_point`, `class3_inventory`, `class3_safe_inventory`, `class3_brief`, `class3_plus`, `class3_content`, `photo`, `photo_thum`, `qrcode`, `photo1`, `photo1_thum`, `photo2`, `photo2_thum`, `photo3`, `photo3_thum`, `photo4`, `photo4_thum`, `ontime`, `offtime`, `nowtime`, `sort`) VALUES
(57, 10, 14, 1, 'Chrysanthemum.jpg', '這是英文標題', 100, 101, 300, 5, 5, '產品的簡介', '''產品名稱一'',''產品名稱二''', '產品的內容', '../upload/10001/Chrysanthemum.jpg', '../upload/10001/thumb_Chrysanthemum.jpg', NULL, NULL, NULL, NULL, NULL, NULL, NULL, NULL, NULL, '2012-06-19 22:21:49', '2022-06-19 22:21:49', '2012-06-19 22:21:49', 1),
(58, 10, 14, 1, 'Desert.jpg', NULL, 200, 202, NULL, 0, 0, NULL, NULL, NULL, '../upload/10001/Desert.jpg', '../upload/10001/thumb_Desert.jpg', NULL, NULL, NULL, NULL, NULL, NULL, NULL, NULL, NULL, '2012-06-19 22:21:49', '2022-06-19 22:21:49', '2012-06-19 22:21:49', 1),
(59, 10, 14, 1, 'Hydrangeas.jpg', NULL, 300, 303, NULL, 0, 0, NULL, NULL, NULL, '../upload/10001/Hydrangeas.jpg', '../upload/10001/thumb_Hydrangeas.jpg', NULL, NULL, NULL, NULL, NULL, NULL, NULL, NULL, NULL, '2012-06-19 22:21:50', '2022-06-19 22:21:50', '2012-06-19 22:21:50', 1),
(60, 10, 14, 1, 'Jellyfish.jpg', NULL, 400, 404, NULL, 0, 0, NULL, NULL, NULL, '../upload/10001/Jellyfish.jpg', '../upload/10001/thumb_Jellyfish.jpg', NULL, NULL, NULL, NULL, NULL, NULL, NULL, NULL, NULL, '2012-06-19 22:21:50', '2022-06-19 22:21:50', '2012-06-19 22:21:50', 1),
(61, 10, 14, 1, 'Koala.jpg', NULL, 500, 505, NULL, 0, 0, NULL, NULL, NULL, '../upload/10001/Koala.jpg', '../upload/10001/thumb_Koala.jpg', NULL, NULL, NULL, NULL, NULL, NULL, NULL, NULL, NULL, '2012-06-19 22:21:50', '2022-06-19 22:21:50', '2012-06-19 22:21:50', 1),
(62, 10, 14, 1, 'Lighthouse.jpg', NULL, 600, 606, NULL, 0, 0, NULL, NULL, NULL, '../upload/10001/Lighthouse.jpg', '../upload/10001/thumb_Lighthouse.jpg', NULL, NULL, NULL, NULL, NULL, NULL, NULL, NULL, NULL, '2012-06-19 22:21:51', '2022-06-19 22:21:51', '2012-06-19 22:21:51', 1),
(63, 10, 14, 1, 'Penguins.jpg', NULL, 700, 707, NULL, 0, 0, NULL, NULL, NULL, '../upload/10001/Penguins.jpg', '../upload/10001/thumb_Penguins.jpg', NULL, NULL, NULL, NULL, NULL, NULL, NULL, NULL, NULL, '2012-06-19 22:21:51', '2022-06-19 22:21:51', '2012-06-19 22:21:51', 1),
(64, 10, 14, 1, 'Tulips.jpg', NULL, 800, 808, NULL, 0, 0, NULL, NULL, NULL, '../upload/10001/Tulips.jpg', '../upload/10001/thumb_Tulips.jpg', NULL, NULL, NULL, NULL, NULL, NULL, NULL, NULL, NULL, '2012-06-19 22:21:51', '2022-06-19 22:21:51', '2012-06-19 22:21:51', 1),
(104, 12, 14, 1, 'Chrysanthemum~0.jpg', NULL, NULL, NULL, NULL, 99, 10, NULL, NULL, NULL, '../upload/10001/Chrysanthemum~0.jpg', '../upload/10001/thumb_Chrysanthemum~0.jpg', NULL, NULL, NULL, NULL, NULL, NULL, NULL, NULL, NULL, '2013-08-22 15:43:50', '0000-00-00 00:00:00', '2013-08-22 15:43:50', 1),
(105, 12, 14, 1, 'Desert~0.jpg', NULL, NULL, NULL, NULL, 99, 10, NULL, NULL, NULL, '../upload/10001/Desert~0.jpg', '../upload/10001/thumb_Desert~0.jpg', NULL, NULL, NULL, NULL, NULL, NULL, NULL, NULL, NULL, '2013-08-22 15:43:51', '0000-00-00 00:00:00', '2013-08-22 15:43:51', 1),
(106, 12, 14, 1, 'Hydrangeas~1.jpg', NULL, NULL, NULL, NULL, 99, 10, NULL, NULL, NULL, '../upload/10001/Hydrangeas~1.jpg', '../upload/10001/thumb_Hydrangeas~1.jpg', NULL, NULL, NULL, NULL, NULL, NULL, NULL, NULL, NULL, '2013-08-22 15:43:52', '0000-00-00 00:00:00', '2013-08-22 15:43:52', 1),
(107, 12, 14, 1, 'Jellyfish~0.jpg', NULL, NULL, NULL, NULL, 99, 10, NULL, NULL, NULL, '../upload/10001/Jellyfish~0.jpg', '../upload/10001/thumb_Jellyfish~0.jpg', NULL, NULL, NULL, NULL, NULL, NULL, NULL, NULL, NULL, '2013-08-22 15:43:54', '0000-00-00 00:00:00', '2013-08-22 15:43:54', 1),
(108, 12, 14, 1, 'Koala~0.jpg', NULL, NULL, NULL, NULL, 99, 10, NULL, NULL, NULL, '../upload/10001/Koala~0.jpg', '../upload/10001/thumb_Koala~0.jpg', NULL, NULL, NULL, NULL, NULL, NULL, NULL, NULL, NULL, '2013-08-22 15:43:55', '0000-00-00 00:00:00', '2013-08-22 15:43:55', 1),
(109, 12, 14, 1, 'Lighthouse~0.jpg', NULL, NULL, NULL, NULL, 99, 10, NULL, NULL, NULL, '../upload/10001/Lighthouse~0.jpg', '../upload/10001/thumb_Lighthouse~0.jpg', NULL, NULL, NULL, NULL, NULL, NULL, NULL, NULL, NULL, '2013-08-22 15:43:56', '0000-00-00 00:00:00', '2013-08-22 15:43:56', 1),
(110, 12, 14, 1, 'Penguins~1.jpg', NULL, NULL, NULL, NULL, 99, 10, NULL, NULL, NULL, '../upload/10001/Penguins~1.jpg', '../upload/10001/thumb_Penguins~1.jpg', NULL, NULL, NULL, NULL, NULL, NULL, NULL, NULL, NULL, '2013-08-22 15:43:57', '0000-00-00 00:00:00', '2013-08-22 15:43:57', 1),
(111, 12, 14, 1, 'Tulips~0.jpg', NULL, NULL, NULL, NULL, 99, 10, NULL, NULL, NULL, '../upload/10001/Tulips~0.jpg', '../upload/10001/thumb_Tulips~0.jpg', NULL, NULL, NULL, NULL, NULL, NULL, NULL, NULL, NULL, '2013-08-22 15:43:58', '0000-00-00 00:00:00', '2013-08-22 15:43:58', 1);

-- --------------------------------------------------------

--
-- 資料表結構 `cpg15x_albums`
--

CREATE TABLE IF NOT EXISTS `cpg15x_albums` (
  `aid` int(11) NOT NULL AUTO_INCREMENT,
  `title` varchar(255) NOT NULL DEFAULT '1',
  `category` int(11) NOT NULL DEFAULT '0',
  PRIMARY KEY (`aid`),
  KEY `alb_category` (`category`)
) ENGINE=MyISAM  DEFAULT CHARSET=latin1 COMMENT='Used to store albums' AUTO_INCREMENT=5001 ;

--
-- 資料表的匯出資料 `cpg15x_albums`
--

INSERT INTO `cpg15x_albums` (`aid`, `title`, `category`) VALUES
(1, '1', 0),
(2, '1', 0),
(3, '1', 0),
(4, '1', 0),
(5, '1', 0),
(6, '1', 0),
(7, '1', 0),
(8, '1', 0),
(9, '1', 0),
(10, '1', 0),
(11, '1', 0),
(12, '1', 0),
(13, '1', 0),
(14, '1', 0),
(15, '1', 0),
(16, '1', 0),
(17, '1', 0),
(18, '1', 0),
(19, '1', 0),
(20, '1', 0),
(21, '1', 0),
(22, '1', 0),
(23, '1', 0),
(24, '1', 0),
(25, '1', 0),
(26, '1', 0),
(27, '1', 0),
(28, '1', 0),
(29, '1', 0),
(30, '1', 0),
(31, '1', 0),
(32, '1', 0),
(33, '1', 0),
(34, '1', 0),
(35, '1', 0),
(36, '1', 0),
(37, '1', 0),
(38, '1', 0),
(39, '1', 0),
(40, '1', 0),
(41, '1', 0),
(42, '1', 0),
(43, '1', 0),
(44, '1', 0),
(45, '1', 0),
(46, '1', 0),
(47, '1', 0),
(48, '1', 0),
(49, '1', 0),
(50, '1', 0),
(51, '1', 0),
(52, '1', 0),
(53, '1', 0),
(54, '1', 0),
(55, '1', 0),
(56, '1', 0),
(57, '1', 0),
(58, '1', 0),
(59, '1', 0),
(60, '1', 0),
(61, '1', 0),
(62, '1', 0),
(63, '1', 0),
(64, '1', 0),
(65, '1', 0),
(66, '1', 0),
(67, '1', 0),
(68, '1', 0),
(69, '1', 0),
(70, '1', 0),
(71, '1', 0),
(72, '1', 0),
(73, '1', 0),
(74, '1', 0),
(75, '1', 0),
(76, '1', 0),
(77, '1', 0),
(78, '1', 0),
(79, '1', 0),
(80, '1', 0),
(81, '1', 0),
(82, '1', 0),
(83, '1', 0),
(84, '1', 0),
(85, '1', 0),
(86, '1', 0),
(87, '1', 0),
(88, '1', 0),
(89, '1', 0),
(90, '1', 0),
(91, '1', 0),
(92, '1', 0),
(93, '1', 0),
(94, '1', 0),
(95, '1', 0),
(96, '1', 0),
(97, '1', 0),
(98, '1', 0),
(99, '1', 0),
(100, '1', 0),
(101, '1', 0),
(102, '1', 0),
(103, '1', 0),
(104, '1', 0),
(105, '1', 0),
(106, '1', 0),
(107, '1', 0),
(108, '1', 0),
(109, '1', 0),
(110, '1', 0),
(111, '1', 0),
(112, '1', 0),
(113, '1', 0),
(114, '1', 0),
(115, '1', 0),
(116, '1', 0),
(117, '1', 0),
(118, '1', 0),
(119, '1', 0),
(120, '1', 0),
(121, '1', 0),
(122, '1', 0),
(123, '1', 0),
(124, '1', 0),
(125, '1', 0),
(126, '1', 0),
(127, '1', 0),
(128, '1', 0),
(129, '1', 0),
(130, '1', 0),
(131, '1', 0),
(132, '1', 0),
(133, '1', 0),
(134, '1', 0),
(135, '1', 0),
(136, '1', 0),
(137, '1', 0),
(138, '1', 0),
(139, '1', 0),
(140, '1', 0),
(141, '1', 0),
(142, '1', 0),
(143, '1', 0),
(144, '1', 0),
(145, '1', 0),
(146, '1', 0),
(147, '1', 0),
(148, '1', 0),
(149, '1', 0),
(150, '1', 0),
(151, '1', 0),
(152, '1', 0),
(153, '1', 0),
(154, '1', 0),
(155, '1', 0),
(156, '1', 0),
(157, '1', 0),
(158, '1', 0),
(159, '1', 0),
(160, '1', 0),
(161, '1', 0),
(162, '1', 0),
(163, '1', 0),
(164, '1', 0),
(165, '1', 0),
(166, '1', 0),
(167, '1', 0),
(168, '1', 0),
(169, '1', 0),
(170, '1', 0),
(171, '1', 0),
(172, '1', 0),
(173, '1', 0),
(174, '1', 0),
(175, '1', 0),
(176, '1', 0),
(177, '1', 0),
(178, '1', 0),
(179, '1', 0),
(180, '1', 0),
(181, '1', 0),
(182, '1', 0),
(183, '1', 0),
(184, '1', 0),
(185, '1', 0),
(186, '1', 0),
(187, '1', 0),
(188, '1', 0),
(189, '1', 0),
(190, '1', 0),
(191, '1', 0),
(192, '1', 0),
(193, '1', 0),
(194, '1', 0),
(195, '1', 0),
(196, '1', 0),
(197, '1', 0),
(198, '1', 0),
(199, '1', 0),
(200, '1', 0),
(201, '1', 0),
(202, '1', 0),
(203, '1', 0),
(204, '1', 0),
(205, '1', 0),
(206, '1', 0),
(207, '1', 0),
(208, '1', 0),
(209, '1', 0),
(210, '1', 0),
(211, '1', 0),
(212, '1', 0),
(213, '1', 0),
(214, '1', 0),
(215, '1', 0),
(216, '1', 0),
(217, '1', 0),
(218, '1', 0),
(219, '1', 0),
(220, '1', 0),
(221, '1', 0),
(222, '1', 0),
(223, '1', 0),
(224, '1', 0),
(225, '1', 0),
(226, '1', 0),
(227, '1', 0),
(228, '1', 0),
(229, '1', 0),
(230, '1', 0),
(231, '1', 0),
(232, '1', 0),
(233, '1', 0),
(234, '1', 0),
(235, '1', 0),
(236, '1', 0),
(237, '1', 0),
(238, '1', 0),
(239, '1', 0),
(240, '1', 0),
(241, '1', 0),
(242, '1', 0),
(243, '1', 0),
(244, '1', 0),
(245, '1', 0),
(246, '1', 0),
(247, '1', 0),
(248, '1', 0),
(249, '1', 0),
(250, '1', 0),
(251, '1', 0),
(252, '1', 0),
(253, '1', 0),
(254, '1', 0),
(255, '1', 0),
(256, '1', 0),
(257, '1', 0),
(258, '1', 0),
(259, '1', 0),
(260, '1', 0),
(261, '1', 0),
(262, '1', 0),
(263, '1', 0),
(264, '1', 0),
(265, '1', 0),
(266, '1', 0),
(267, '1', 0),
(268, '1', 0),
(269, '1', 0),
(270, '1', 0),
(271, '1', 0),
(272, '1', 0),
(273, '1', 0),
(274, '1', 0),
(275, '1', 0),
(276, '1', 0),
(277, '1', 0),
(278, '1', 0),
(279, '1', 0),
(280, '1', 0),
(281, '1', 0),
(282, '1', 0),
(283, '1', 0),
(284, '1', 0),
(285, '1', 0),
(286, '1', 0),
(287, '1', 0),
(288, '1', 0),
(289, '1', 0),
(290, '1', 0),
(291, '1', 0),
(292, '1', 0),
(293, '1', 0),
(294, '1', 0),
(295, '1', 0),
(296, '1', 0),
(297, '1', 0),
(298, '1', 0),
(299, '1', 0),
(300, '1', 0),
(301, '1', 0),
(302, '1', 0),
(303, '1', 0),
(304, '1', 0),
(305, '1', 0),
(306, '1', 0),
(307, '1', 0),
(308, '1', 0),
(309, '1', 0),
(310, '1', 0),
(311, '1', 0),
(312, '1', 0),
(313, '1', 0),
(314, '1', 0),
(315, '1', 0),
(316, '1', 0),
(317, '1', 0),
(318, '1', 0),
(319, '1', 0),
(320, '1', 0),
(321, '1', 0),
(322, '1', 0),
(323, '1', 0),
(324, '1', 0),
(325, '1', 0),
(326, '1', 0),
(327, '1', 0),
(328, '1', 0),
(329, '1', 0),
(330, '1', 0),
(331, '1', 0),
(332, '1', 0),
(333, '1', 0),
(334, '1', 0),
(335, '1', 0),
(336, '1', 0),
(337, '1', 0),
(338, '1', 0),
(339, '1', 0),
(340, '1', 0),
(341, '1', 0),
(342, '1', 0),
(343, '1', 0),
(344, '1', 0),
(345, '1', 0),
(346, '1', 0),
(347, '1', 0),
(348, '1', 0),
(349, '1', 0),
(350, '1', 0),
(351, '1', 0),
(352, '1', 0),
(353, '1', 0),
(354, '1', 0),
(355, '1', 0),
(356, '1', 0),
(357, '1', 0),
(358, '1', 0),
(359, '1', 0),
(360, '1', 0),
(361, '1', 0),
(362, '1', 0),
(363, '1', 0),
(364, '1', 0),
(365, '1', 0),
(366, '1', 0),
(367, '1', 0),
(368, '1', 0),
(369, '1', 0),
(370, '1', 0),
(371, '1', 0),
(372, '1', 0),
(373, '1', 0),
(374, '1', 0),
(375, '1', 0),
(376, '1', 0),
(377, '1', 0),
(378, '1', 0),
(379, '1', 0),
(380, '1', 0),
(381, '1', 0),
(382, '1', 0),
(383, '1', 0),
(384, '1', 0),
(385, '1', 0),
(386, '1', 0),
(387, '1', 0),
(388, '1', 0),
(389, '1', 0),
(390, '1', 0),
(391, '1', 0),
(392, '1', 0),
(393, '1', 0),
(394, '1', 0),
(395, '1', 0),
(396, '1', 0),
(397, '1', 0),
(398, '1', 0),
(399, '1', 0),
(400, '1', 0),
(401, '1', 0),
(402, '1', 0),
(403, '1', 0),
(404, '1', 0),
(405, '1', 0),
(406, '1', 0),
(407, '1', 0),
(408, '1', 0),
(409, '1', 0),
(410, '1', 0),
(411, '1', 0),
(412, '1', 0),
(413, '1', 0),
(414, '1', 0),
(415, '1', 0),
(416, '1', 0),
(417, '1', 0),
(418, '1', 0),
(419, '1', 0),
(420, '1', 0),
(421, '1', 0),
(422, '1', 0),
(423, '1', 0),
(424, '1', 0),
(425, '1', 0),
(426, '1', 0),
(427, '1', 0),
(428, '1', 0),
(429, '1', 0),
(430, '1', 0),
(431, '1', 0),
(432, '1', 0),
(433, '1', 0),
(434, '1', 0),
(435, '1', 0),
(436, '1', 0),
(437, '1', 0),
(438, '1', 0),
(439, '1', 0),
(440, '1', 0),
(441, '1', 0),
(442, '1', 0),
(443, '1', 0),
(444, '1', 0),
(445, '1', 0),
(446, '1', 0),
(447, '1', 0),
(448, '1', 0),
(449, '1', 0),
(450, '1', 0),
(451, '1', 0),
(452, '1', 0),
(453, '1', 0),
(454, '1', 0),
(455, '1', 0),
(456, '1', 0),
(457, '1', 0),
(458, '1', 0),
(459, '1', 0),
(460, '1', 0),
(461, '1', 0),
(462, '1', 0),
(463, '1', 0),
(464, '1', 0),
(465, '1', 0),
(466, '1', 0),
(467, '1', 0),
(468, '1', 0),
(469, '1', 0),
(470, '1', 0),
(471, '1', 0),
(472, '1', 0),
(473, '1', 0),
(474, '1', 0),
(475, '1', 0),
(476, '1', 0),
(477, '1', 0),
(478, '1', 0),
(479, '1', 0),
(480, '1', 0),
(481, '1', 0),
(482, '1', 0),
(483, '1', 0),
(484, '1', 0),
(485, '1', 0),
(486, '1', 0),
(487, '1', 0),
(488, '1', 0),
(489, '1', 0),
(490, '1', 0),
(491, '1', 0),
(492, '1', 0),
(493, '1', 0),
(494, '1', 0),
(495, '1', 0),
(496, '1', 0),
(497, '1', 0),
(498, '1', 0),
(499, '1', 0),
(500, '1', 0),
(501, '1', 0),
(502, '1', 0),
(503, '1', 0),
(504, '1', 0),
(505, '1', 0),
(506, '1', 0),
(507, '1', 0),
(508, '1', 0),
(509, '1', 0),
(510, '1', 0),
(511, '1', 0),
(512, '1', 0),
(513, '1', 0),
(514, '1', 0),
(515, '1', 0),
(516, '1', 0),
(517, '1', 0),
(518, '1', 0),
(519, '1', 0),
(520, '1', 0),
(521, '1', 0),
(522, '1', 0),
(523, '1', 0),
(524, '1', 0),
(525, '1', 0),
(526, '1', 0),
(527, '1', 0),
(528, '1', 0),
(529, '1', 0),
(530, '1', 0),
(531, '1', 0),
(532, '1', 0),
(533, '1', 0),
(534, '1', 0),
(535, '1', 0),
(536, '1', 0),
(537, '1', 0),
(538, '1', 0),
(539, '1', 0),
(540, '1', 0),
(541, '1', 0),
(542, '1', 0),
(543, '1', 0),
(544, '1', 0),
(545, '1', 0),
(546, '1', 0),
(547, '1', 0),
(548, '1', 0),
(549, '1', 0),
(550, '1', 0),
(551, '1', 0),
(552, '1', 0),
(553, '1', 0),
(554, '1', 0),
(555, '1', 0),
(556, '1', 0),
(557, '1', 0),
(558, '1', 0),
(559, '1', 0),
(560, '1', 0),
(561, '1', 0),
(562, '1', 0),
(563, '1', 0),
(564, '1', 0),
(565, '1', 0),
(566, '1', 0),
(567, '1', 0),
(568, '1', 0),
(569, '1', 0),
(570, '1', 0),
(571, '1', 0),
(572, '1', 0),
(573, '1', 0),
(574, '1', 0),
(575, '1', 0),
(576, '1', 0),
(577, '1', 0),
(578, '1', 0),
(579, '1', 0),
(580, '1', 0),
(581, '1', 0),
(582, '1', 0),
(583, '1', 0),
(584, '1', 0),
(585, '1', 0),
(586, '1', 0),
(587, '1', 0),
(588, '1', 0),
(589, '1', 0),
(590, '1', 0),
(591, '1', 0),
(592, '1', 0),
(593, '1', 0),
(594, '1', 0),
(595, '1', 0),
(596, '1', 0),
(597, '1', 0),
(598, '1', 0),
(599, '1', 0),
(600, '1', 0),
(601, '1', 0),
(602, '1', 0),
(603, '1', 0),
(604, '1', 0),
(605, '1', 0),
(606, '1', 0),
(607, '1', 0),
(608, '1', 0),
(609, '1', 0),
(610, '1', 0),
(611, '1', 0),
(612, '1', 0),
(613, '1', 0),
(614, '1', 0),
(615, '1', 0),
(616, '1', 0),
(617, '1', 0),
(618, '1', 0),
(619, '1', 0),
(620, '1', 0),
(621, '1', 0),
(622, '1', 0),
(623, '1', 0),
(624, '1', 0),
(625, '1', 0),
(626, '1', 0),
(627, '1', 0),
(628, '1', 0),
(629, '1', 0),
(630, '1', 0),
(631, '1', 0),
(632, '1', 0),
(633, '1', 0),
(634, '1', 0),
(635, '1', 0),
(636, '1', 0),
(637, '1', 0),
(638, '1', 0),
(639, '1', 0),
(640, '1', 0),
(641, '1', 0),
(642, '1', 0),
(643, '1', 0),
(644, '1', 0),
(645, '1', 0),
(646, '1', 0),
(647, '1', 0),
(648, '1', 0),
(649, '1', 0),
(650, '1', 0),
(651, '1', 0),
(652, '1', 0),
(653, '1', 0),
(654, '1', 0),
(655, '1', 0),
(656, '1', 0),
(657, '1', 0),
(658, '1', 0),
(659, '1', 0),
(660, '1', 0),
(661, '1', 0),
(662, '1', 0),
(663, '1', 0),
(664, '1', 0),
(665, '1', 0),
(666, '1', 0),
(667, '1', 0),
(668, '1', 0),
(669, '1', 0),
(670, '1', 0),
(671, '1', 0),
(672, '1', 0),
(673, '1', 0),
(674, '1', 0),
(675, '1', 0),
(676, '1', 0),
(677, '1', 0),
(678, '1', 0),
(679, '1', 0),
(680, '1', 0),
(681, '1', 0),
(682, '1', 0),
(683, '1', 0),
(684, '1', 0),
(685, '1', 0),
(686, '1', 0),
(687, '1', 0),
(688, '1', 0),
(689, '1', 0),
(690, '1', 0),
(691, '1', 0),
(692, '1', 0),
(693, '1', 0),
(694, '1', 0),
(695, '1', 0),
(696, '1', 0),
(697, '1', 0),
(698, '1', 0),
(699, '1', 0),
(700, '1', 0),
(701, '1', 0),
(702, '1', 0),
(703, '1', 0),
(704, '1', 0),
(705, '1', 0),
(706, '1', 0),
(707, '1', 0),
(708, '1', 0),
(709, '1', 0),
(710, '1', 0),
(711, '1', 0),
(712, '1', 0),
(713, '1', 0),
(714, '1', 0),
(715, '1', 0),
(716, '1', 0),
(717, '1', 0),
(718, '1', 0),
(719, '1', 0),
(720, '1', 0),
(721, '1', 0),
(722, '1', 0),
(723, '1', 0),
(724, '1', 0),
(725, '1', 0),
(726, '1', 0),
(727, '1', 0),
(728, '1', 0),
(729, '1', 0),
(730, '1', 0),
(731, '1', 0),
(732, '1', 0),
(733, '1', 0),
(734, '1', 0),
(735, '1', 0),
(736, '1', 0),
(737, '1', 0),
(738, '1', 0),
(739, '1', 0),
(740, '1', 0),
(741, '1', 0),
(742, '1', 0),
(743, '1', 0),
(744, '1', 0),
(745, '1', 0),
(746, '1', 0),
(747, '1', 0),
(748, '1', 0),
(749, '1', 0),
(750, '1', 0),
(751, '1', 0),
(752, '1', 0),
(753, '1', 0),
(754, '1', 0),
(755, '1', 0),
(756, '1', 0),
(757, '1', 0),
(758, '1', 0),
(759, '1', 0),
(760, '1', 0),
(761, '1', 0),
(762, '1', 0),
(763, '1', 0),
(764, '1', 0),
(765, '1', 0),
(766, '1', 0),
(767, '1', 0),
(768, '1', 0),
(769, '1', 0),
(770, '1', 0),
(771, '1', 0),
(772, '1', 0),
(773, '1', 0),
(774, '1', 0),
(775, '1', 0),
(776, '1', 0),
(777, '1', 0),
(778, '1', 0),
(779, '1', 0),
(780, '1', 0),
(781, '1', 0),
(782, '1', 0),
(783, '1', 0),
(784, '1', 0),
(785, '1', 0),
(786, '1', 0),
(787, '1', 0),
(788, '1', 0),
(789, '1', 0),
(790, '1', 0),
(791, '1', 0),
(792, '1', 0),
(793, '1', 0),
(794, '1', 0),
(795, '1', 0),
(796, '1', 0),
(797, '1', 0),
(798, '1', 0),
(799, '1', 0),
(800, '1', 0),
(801, '1', 0),
(802, '1', 0),
(803, '1', 0),
(804, '1', 0),
(805, '1', 0),
(806, '1', 0),
(807, '1', 0),
(808, '1', 0),
(809, '1', 0),
(810, '1', 0),
(811, '1', 0),
(812, '1', 0),
(813, '1', 0),
(814, '1', 0),
(815, '1', 0),
(816, '1', 0),
(817, '1', 0),
(818, '1', 0),
(819, '1', 0),
(820, '1', 0),
(821, '1', 0),
(822, '1', 0),
(823, '1', 0),
(824, '1', 0),
(825, '1', 0),
(826, '1', 0),
(827, '1', 0),
(828, '1', 0),
(829, '1', 0),
(830, '1', 0),
(831, '1', 0),
(832, '1', 0),
(833, '1', 0),
(834, '1', 0),
(835, '1', 0),
(836, '1', 0),
(837, '1', 0),
(838, '1', 0),
(839, '1', 0),
(840, '1', 0),
(841, '1', 0),
(842, '1', 0),
(843, '1', 0),
(844, '1', 0),
(845, '1', 0),
(846, '1', 0),
(847, '1', 0),
(848, '1', 0),
(849, '1', 0),
(850, '1', 0),
(851, '1', 0),
(852, '1', 0),
(853, '1', 0),
(854, '1', 0),
(855, '1', 0),
(856, '1', 0),
(857, '1', 0),
(858, '1', 0),
(859, '1', 0),
(860, '1', 0),
(861, '1', 0),
(862, '1', 0),
(863, '1', 0),
(864, '1', 0),
(865, '1', 0),
(866, '1', 0),
(867, '1', 0),
(868, '1', 0),
(869, '1', 0),
(870, '1', 0),
(871, '1', 0),
(872, '1', 0),
(873, '1', 0),
(874, '1', 0),
(875, '1', 0),
(876, '1', 0),
(877, '1', 0),
(878, '1', 0),
(879, '1', 0),
(880, '1', 0),
(881, '1', 0),
(882, '1', 0),
(883, '1', 0),
(884, '1', 0),
(885, '1', 0),
(886, '1', 0),
(887, '1', 0),
(888, '1', 0),
(889, '1', 0),
(890, '1', 0),
(891, '1', 0),
(892, '1', 0),
(893, '1', 0),
(894, '1', 0),
(895, '1', 0),
(896, '1', 0),
(897, '1', 0),
(898, '1', 0),
(899, '1', 0),
(900, '1', 0),
(901, '1', 0),
(902, '1', 0),
(903, '1', 0),
(904, '1', 0),
(905, '1', 0),
(906, '1', 0),
(907, '1', 0),
(908, '1', 0),
(909, '1', 0),
(910, '1', 0),
(911, '1', 0),
(912, '1', 0),
(913, '1', 0),
(914, '1', 0),
(915, '1', 0),
(916, '1', 0),
(917, '1', 0),
(918, '1', 0),
(919, '1', 0),
(920, '1', 0),
(921, '1', 0),
(922, '1', 0),
(923, '1', 0),
(924, '1', 0),
(925, '1', 0),
(926, '1', 0),
(927, '1', 0),
(928, '1', 0),
(929, '1', 0),
(930, '1', 0),
(931, '1', 0),
(932, '1', 0),
(933, '1', 0),
(934, '1', 0),
(935, '1', 0),
(936, '1', 0),
(937, '1', 0),
(938, '1', 0),
(939, '1', 0),
(940, '1', 0),
(941, '1', 0),
(942, '1', 0),
(943, '1', 0),
(944, '1', 0),
(945, '1', 0),
(946, '1', 0),
(947, '1', 0),
(948, '1', 0),
(949, '1', 0),
(950, '1', 0),
(951, '1', 0),
(952, '1', 0),
(953, '1', 0),
(954, '1', 0),
(955, '1', 0),
(956, '1', 0),
(957, '1', 0),
(958, '1', 0),
(959, '1', 0),
(960, '1', 0),
(961, '1', 0),
(962, '1', 0),
(963, '1', 0),
(964, '1', 0),
(965, '1', 0),
(966, '1', 0),
(967, '1', 0),
(968, '1', 0),
(969, '1', 0),
(970, '1', 0),
(971, '1', 0),
(972, '1', 0),
(973, '1', 0),
(974, '1', 0),
(975, '1', 0),
(976, '1', 0),
(977, '1', 0),
(978, '1', 0),
(979, '1', 0),
(980, '1', 0),
(981, '1', 0),
(982, '1', 0),
(983, '1', 0),
(984, '1', 0),
(985, '1', 0),
(986, '1', 0),
(987, '1', 0),
(988, '1', 0),
(989, '1', 0),
(990, '1', 0),
(991, '1', 0),
(992, '1', 0),
(993, '1', 0),
(994, '1', 0),
(995, '1', 0),
(996, '1', 0),
(997, '1', 0),
(998, '1', 0),
(999, '1', 0),
(1000, '1', 0),
(1001, '1', 0),
(1002, '1', 0),
(1003, '1', 0),
(1004, '1', 0),
(1005, '1', 0),
(1006, '1', 0),
(1007, '1', 0),
(1008, '1', 0),
(1009, '1', 0),
(1010, '1', 0),
(1011, '1', 0),
(1012, '1', 0),
(1013, '1', 0),
(1014, '1', 0),
(1015, '1', 0),
(1016, '1', 0),
(1017, '1', 0),
(1018, '1', 0),
(1019, '1', 0),
(1020, '1', 0),
(1021, '1', 0),
(1022, '1', 0),
(1023, '1', 0),
(1024, '1', 0),
(1025, '1', 0),
(1026, '1', 0),
(1027, '1', 0),
(1028, '1', 0),
(1029, '1', 0),
(1030, '1', 0),
(1031, '1', 0),
(1032, '1', 0),
(1033, '1', 0),
(1034, '1', 0),
(1035, '1', 0),
(1036, '1', 0),
(1037, '1', 0),
(1038, '1', 0),
(1039, '1', 0),
(1040, '1', 0),
(1041, '1', 0),
(1042, '1', 0),
(1043, '1', 0),
(1044, '1', 0),
(1045, '1', 0),
(1046, '1', 0),
(1047, '1', 0),
(1048, '1', 0),
(1049, '1', 0),
(1050, '1', 0),
(1051, '1', 0),
(1052, '1', 0),
(1053, '1', 0),
(1054, '1', 0),
(1055, '1', 0),
(1056, '1', 0),
(1057, '1', 0),
(1058, '1', 0),
(1059, '1', 0),
(1060, '1', 0),
(1061, '1', 0),
(1062, '1', 0),
(1063, '1', 0),
(1064, '1', 0),
(1065, '1', 0),
(1066, '1', 0),
(1067, '1', 0),
(1068, '1', 0),
(1069, '1', 0),
(1070, '1', 0),
(1071, '1', 0),
(1072, '1', 0),
(1073, '1', 0),
(1074, '1', 0),
(1075, '1', 0),
(1076, '1', 0),
(1077, '1', 0),
(1078, '1', 0),
(1079, '1', 0),
(1080, '1', 0),
(1081, '1', 0),
(1082, '1', 0),
(1083, '1', 0),
(1084, '1', 0),
(1085, '1', 0),
(1086, '1', 0),
(1087, '1', 0),
(1088, '1', 0),
(1089, '1', 0),
(1090, '1', 0),
(1091, '1', 0),
(1092, '1', 0),
(1093, '1', 0),
(1094, '1', 0),
(1095, '1', 0),
(1096, '1', 0),
(1097, '1', 0),
(1098, '1', 0),
(1099, '1', 0),
(1100, '1', 0),
(1101, '1', 0),
(1102, '1', 0),
(1103, '1', 0),
(1104, '1', 0),
(1105, '1', 0),
(1106, '1', 0),
(1107, '1', 0),
(1108, '1', 0),
(1109, '1', 0),
(1110, '1', 0),
(1111, '1', 0),
(1112, '1', 0),
(1113, '1', 0),
(1114, '1', 0),
(1115, '1', 0),
(1116, '1', 0),
(1117, '1', 0),
(1118, '1', 0),
(1119, '1', 0),
(1120, '1', 0),
(1121, '1', 0),
(1122, '1', 0),
(1123, '1', 0),
(1124, '1', 0),
(1125, '1', 0),
(1126, '1', 0),
(1127, '1', 0),
(1128, '1', 0),
(1129, '1', 0),
(1130, '1', 0),
(1131, '1', 0),
(1132, '1', 0),
(1133, '1', 0),
(1134, '1', 0),
(1135, '1', 0),
(1136, '1', 0),
(1137, '1', 0),
(1138, '1', 0),
(1139, '1', 0),
(1140, '1', 0),
(1141, '1', 0),
(1142, '1', 0),
(1143, '1', 0),
(1144, '1', 0),
(1145, '1', 0),
(1146, '1', 0),
(1147, '1', 0),
(1148, '1', 0),
(1149, '1', 0),
(1150, '1', 0),
(1151, '1', 0),
(1152, '1', 0),
(1153, '1', 0),
(1154, '1', 0),
(1155, '1', 0),
(1156, '1', 0),
(1157, '1', 0),
(1158, '1', 0),
(1159, '1', 0),
(1160, '1', 0),
(1161, '1', 0),
(1162, '1', 0),
(1163, '1', 0),
(1164, '1', 0),
(1165, '1', 0),
(1166, '1', 0),
(1167, '1', 0),
(1168, '1', 0),
(1169, '1', 0),
(1170, '1', 0),
(1171, '1', 0),
(1172, '1', 0),
(1173, '1', 0),
(1174, '1', 0),
(1175, '1', 0),
(1176, '1', 0),
(1177, '1', 0),
(1178, '1', 0),
(1179, '1', 0),
(1180, '1', 0),
(1181, '1', 0),
(1182, '1', 0),
(1183, '1', 0),
(1184, '1', 0),
(1185, '1', 0),
(1186, '1', 0),
(1187, '1', 0),
(1188, '1', 0),
(1189, '1', 0),
(1190, '1', 0),
(1191, '1', 0),
(1192, '1', 0),
(1193, '1', 0),
(1194, '1', 0),
(1195, '1', 0),
(1196, '1', 0),
(1197, '1', 0),
(1198, '1', 0),
(1199, '1', 0),
(1200, '1', 0),
(1201, '1', 0),
(1202, '1', 0),
(1203, '1', 0),
(1204, '1', 0),
(1205, '1', 0),
(1206, '1', 0),
(1207, '1', 0),
(1208, '1', 0),
(1209, '1', 0),
(1210, '1', 0),
(1211, '1', 0),
(1212, '1', 0),
(1213, '1', 0),
(1214, '1', 0),
(1215, '1', 0),
(1216, '1', 0),
(1217, '1', 0),
(1218, '1', 0),
(1219, '1', 0),
(1220, '1', 0),
(1221, '1', 0),
(1222, '1', 0),
(1223, '1', 0),
(1224, '1', 0),
(1225, '1', 0),
(1226, '1', 0),
(1227, '1', 0),
(1228, '1', 0),
(1229, '1', 0),
(1230, '1', 0),
(1231, '1', 0),
(1232, '1', 0),
(1233, '1', 0),
(1234, '1', 0),
(1235, '1', 0),
(1236, '1', 0),
(1237, '1', 0),
(1238, '1', 0),
(1239, '1', 0),
(1240, '1', 0),
(1241, '1', 0),
(1242, '1', 0),
(1243, '1', 0),
(1244, '1', 0),
(1245, '1', 0),
(1246, '1', 0),
(1247, '1', 0),
(1248, '1', 0),
(1249, '1', 0),
(1250, '1', 0),
(1251, '1', 0),
(1252, '1', 0),
(1253, '1', 0),
(1254, '1', 0),
(1255, '1', 0),
(1256, '1', 0),
(1257, '1', 0),
(1258, '1', 0),
(1259, '1', 0),
(1260, '1', 0),
(1261, '1', 0),
(1262, '1', 0),
(1263, '1', 0),
(1264, '1', 0),
(1265, '1', 0),
(1266, '1', 0),
(1267, '1', 0),
(1268, '1', 0),
(1269, '1', 0),
(1270, '1', 0),
(1271, '1', 0),
(1272, '1', 0),
(1273, '1', 0),
(1274, '1', 0),
(1275, '1', 0),
(1276, '1', 0),
(1277, '1', 0),
(1278, '1', 0),
(1279, '1', 0),
(1280, '1', 0),
(1281, '1', 0),
(1282, '1', 0),
(1283, '1', 0),
(1284, '1', 0),
(1285, '1', 0),
(1286, '1', 0),
(1287, '1', 0),
(1288, '1', 0),
(1289, '1', 0),
(1290, '1', 0),
(1291, '1', 0),
(1292, '1', 0),
(1293, '1', 0),
(1294, '1', 0),
(1295, '1', 0),
(1296, '1', 0),
(1297, '1', 0),
(1298, '1', 0),
(1299, '1', 0),
(1300, '1', 0),
(1301, '1', 0),
(1302, '1', 0),
(1303, '1', 0),
(1304, '1', 0),
(1305, '1', 0),
(1306, '1', 0),
(1307, '1', 0),
(1308, '1', 0),
(1309, '1', 0),
(1310, '1', 0),
(1311, '1', 0),
(1312, '1', 0),
(1313, '1', 0),
(1314, '1', 0),
(1315, '1', 0),
(1316, '1', 0),
(1317, '1', 0),
(1318, '1', 0),
(1319, '1', 0),
(1320, '1', 0),
(1321, '1', 0),
(1322, '1', 0),
(1323, '1', 0),
(1324, '1', 0),
(1325, '1', 0),
(1326, '1', 0),
(1327, '1', 0),
(1328, '1', 0),
(1329, '1', 0),
(1330, '1', 0),
(1331, '1', 0),
(1332, '1', 0),
(1333, '1', 0),
(1334, '1', 0),
(1335, '1', 0),
(1336, '1', 0),
(1337, '1', 0),
(1338, '1', 0),
(1339, '1', 0),
(1340, '1', 0),
(1341, '1', 0),
(1342, '1', 0),
(1343, '1', 0),
(1344, '1', 0),
(1345, '1', 0),
(1346, '1', 0),
(1347, '1', 0),
(1348, '1', 0),
(1349, '1', 0),
(1350, '1', 0),
(1351, '1', 0),
(1352, '1', 0),
(1353, '1', 0),
(1354, '1', 0),
(1355, '1', 0),
(1356, '1', 0),
(1357, '1', 0),
(1358, '1', 0),
(1359, '1', 0),
(1360, '1', 0),
(1361, '1', 0),
(1362, '1', 0),
(1363, '1', 0),
(1364, '1', 0),
(1365, '1', 0),
(1366, '1', 0),
(1367, '1', 0),
(1368, '1', 0),
(1369, '1', 0),
(1370, '1', 0),
(1371, '1', 0),
(1372, '1', 0),
(1373, '1', 0),
(1374, '1', 0),
(1375, '1', 0),
(1376, '1', 0),
(1377, '1', 0),
(1378, '1', 0),
(1379, '1', 0),
(1380, '1', 0),
(1381, '1', 0),
(1382, '1', 0),
(1383, '1', 0),
(1384, '1', 0),
(1385, '1', 0),
(1386, '1', 0),
(1387, '1', 0),
(1388, '1', 0),
(1389, '1', 0),
(1390, '1', 0),
(1391, '1', 0),
(1392, '1', 0),
(1393, '1', 0),
(1394, '1', 0),
(1395, '1', 0),
(1396, '1', 0),
(1397, '1', 0),
(1398, '1', 0),
(1399, '1', 0),
(1400, '1', 0),
(1401, '1', 0),
(1402, '1', 0),
(1403, '1', 0),
(1404, '1', 0),
(1405, '1', 0),
(1406, '1', 0),
(1407, '1', 0),
(1408, '1', 0),
(1409, '1', 0),
(1410, '1', 0),
(1411, '1', 0),
(1412, '1', 0),
(1413, '1', 0),
(1414, '1', 0),
(1415, '1', 0),
(1416, '1', 0),
(1417, '1', 0),
(1418, '1', 0),
(1419, '1', 0),
(1420, '1', 0),
(1421, '1', 0),
(1422, '1', 0),
(1423, '1', 0),
(1424, '1', 0),
(1425, '1', 0),
(1426, '1', 0),
(1427, '1', 0),
(1428, '1', 0),
(1429, '1', 0),
(1430, '1', 0),
(1431, '1', 0),
(1432, '1', 0),
(1433, '1', 0),
(1434, '1', 0),
(1435, '1', 0),
(1436, '1', 0),
(1437, '1', 0),
(1438, '1', 0),
(1439, '1', 0),
(1440, '1', 0),
(1441, '1', 0),
(1442, '1', 0),
(1443, '1', 0),
(1444, '1', 0),
(1445, '1', 0),
(1446, '1', 0),
(1447, '1', 0),
(1448, '1', 0),
(1449, '1', 0),
(1450, '1', 0),
(1451, '1', 0),
(1452, '1', 0),
(1453, '1', 0),
(1454, '1', 0),
(1455, '1', 0),
(1456, '1', 0),
(1457, '1', 0),
(1458, '1', 0),
(1459, '1', 0),
(1460, '1', 0),
(1461, '1', 0),
(1462, '1', 0),
(1463, '1', 0),
(1464, '1', 0),
(1465, '1', 0),
(1466, '1', 0),
(1467, '1', 0),
(1468, '1', 0),
(1469, '1', 0),
(1470, '1', 0),
(1471, '1', 0),
(1472, '1', 0),
(1473, '1', 0),
(1474, '1', 0),
(1475, '1', 0),
(1476, '1', 0),
(1477, '1', 0),
(1478, '1', 0),
(1479, '1', 0),
(1480, '1', 0),
(1481, '1', 0),
(1482, '1', 0),
(1483, '1', 0),
(1484, '1', 0),
(1485, '1', 0),
(1486, '1', 0),
(1487, '1', 0),
(1488, '1', 0),
(1489, '1', 0),
(1490, '1', 0),
(1491, '1', 0),
(1492, '1', 0),
(1493, '1', 0),
(1494, '1', 0),
(1495, '1', 0),
(1496, '1', 0),
(1497, '1', 0),
(1498, '1', 0),
(1499, '1', 0),
(1500, '1', 0),
(1501, '1', 0),
(1502, '1', 0),
(1503, '1', 0),
(1504, '1', 0),
(1505, '1', 0),
(1506, '1', 0),
(1507, '1', 0),
(1508, '1', 0),
(1509, '1', 0),
(1510, '1', 0),
(1511, '1', 0),
(1512, '1', 0),
(1513, '1', 0),
(1514, '1', 0),
(1515, '1', 0),
(1516, '1', 0),
(1517, '1', 0),
(1518, '1', 0),
(1519, '1', 0),
(1520, '1', 0),
(1521, '1', 0),
(1522, '1', 0),
(1523, '1', 0),
(1524, '1', 0),
(1525, '1', 0),
(1526, '1', 0),
(1527, '1', 0),
(1528, '1', 0),
(1529, '1', 0),
(1530, '1', 0),
(1531, '1', 0),
(1532, '1', 0),
(1533, '1', 0),
(1534, '1', 0),
(1535, '1', 0),
(1536, '1', 0),
(1537, '1', 0),
(1538, '1', 0),
(1539, '1', 0),
(1540, '1', 0),
(1541, '1', 0),
(1542, '1', 0),
(1543, '1', 0),
(1544, '1', 0),
(1545, '1', 0),
(1546, '1', 0),
(1547, '1', 0),
(1548, '1', 0),
(1549, '1', 0),
(1550, '1', 0),
(1551, '1', 0),
(1552, '1', 0),
(1553, '1', 0),
(1554, '1', 0),
(1555, '1', 0),
(1556, '1', 0),
(1557, '1', 0),
(1558, '1', 0),
(1559, '1', 0),
(1560, '1', 0),
(1561, '1', 0),
(1562, '1', 0),
(1563, '1', 0),
(1564, '1', 0),
(1565, '1', 0),
(1566, '1', 0),
(1567, '1', 0),
(1568, '1', 0),
(1569, '1', 0),
(1570, '1', 0),
(1571, '1', 0),
(1572, '1', 0),
(1573, '1', 0),
(1574, '1', 0),
(1575, '1', 0),
(1576, '1', 0),
(1577, '1', 0),
(1578, '1', 0),
(1579, '1', 0),
(1580, '1', 0),
(1581, '1', 0),
(1582, '1', 0),
(1583, '1', 0),
(1584, '1', 0),
(1585, '1', 0),
(1586, '1', 0),
(1587, '1', 0),
(1588, '1', 0),
(1589, '1', 0),
(1590, '1', 0),
(1591, '1', 0),
(1592, '1', 0),
(1593, '1', 0),
(1594, '1', 0),
(1595, '1', 0),
(1596, '1', 0),
(1597, '1', 0),
(1598, '1', 0),
(1599, '1', 0),
(1600, '1', 0),
(1601, '1', 0),
(1602, '1', 0),
(1603, '1', 0),
(1604, '1', 0),
(1605, '1', 0),
(1606, '1', 0),
(1607, '1', 0),
(1608, '1', 0),
(1609, '1', 0),
(1610, '1', 0),
(1611, '1', 0),
(1612, '1', 0),
(1613, '1', 0),
(1614, '1', 0),
(1615, '1', 0),
(1616, '1', 0),
(1617, '1', 0),
(1618, '1', 0),
(1619, '1', 0),
(1620, '1', 0),
(1621, '1', 0),
(1622, '1', 0),
(1623, '1', 0),
(1624, '1', 0),
(1625, '1', 0),
(1626, '1', 0),
(1627, '1', 0),
(1628, '1', 0),
(1629, '1', 0),
(1630, '1', 0),
(1631, '1', 0),
(1632, '1', 0),
(1633, '1', 0),
(1634, '1', 0),
(1635, '1', 0),
(1636, '1', 0),
(1637, '1', 0),
(1638, '1', 0),
(1639, '1', 0),
(1640, '1', 0),
(1641, '1', 0),
(1642, '1', 0),
(1643, '1', 0),
(1644, '1', 0),
(1645, '1', 0),
(1646, '1', 0),
(1647, '1', 0),
(1648, '1', 0),
(1649, '1', 0),
(1650, '1', 0),
(1651, '1', 0),
(1652, '1', 0),
(1653, '1', 0),
(1654, '1', 0),
(1655, '1', 0),
(1656, '1', 0),
(1657, '1', 0),
(1658, '1', 0),
(1659, '1', 0),
(1660, '1', 0),
(1661, '1', 0),
(1662, '1', 0),
(1663, '1', 0),
(1664, '1', 0),
(1665, '1', 0),
(1666, '1', 0),
(1667, '1', 0),
(1668, '1', 0),
(1669, '1', 0),
(1670, '1', 0),
(1671, '1', 0),
(1672, '1', 0),
(1673, '1', 0),
(1674, '1', 0),
(1675, '1', 0),
(1676, '1', 0),
(1677, '1', 0),
(1678, '1', 0),
(1679, '1', 0),
(1680, '1', 0),
(1681, '1', 0),
(1682, '1', 0),
(1683, '1', 0),
(1684, '1', 0),
(1685, '1', 0),
(1686, '1', 0),
(1687, '1', 0),
(1688, '1', 0),
(1689, '1', 0),
(1690, '1', 0),
(1691, '1', 0),
(1692, '1', 0),
(1693, '1', 0),
(1694, '1', 0),
(1695, '1', 0),
(1696, '1', 0),
(1697, '1', 0),
(1698, '1', 0),
(1699, '1', 0),
(1700, '1', 0),
(1701, '1', 0),
(1702, '1', 0),
(1703, '1', 0),
(1704, '1', 0),
(1705, '1', 0),
(1706, '1', 0),
(1707, '1', 0),
(1708, '1', 0),
(1709, '1', 0),
(1710, '1', 0),
(1711, '1', 0),
(1712, '1', 0),
(1713, '1', 0),
(1714, '1', 0),
(1715, '1', 0),
(1716, '1', 0),
(1717, '1', 0),
(1718, '1', 0),
(1719, '1', 0),
(1720, '1', 0),
(1721, '1', 0),
(1722, '1', 0),
(1723, '1', 0),
(1724, '1', 0),
(1725, '1', 0),
(1726, '1', 0),
(1727, '1', 0),
(1728, '1', 0),
(1729, '1', 0),
(1730, '1', 0),
(1731, '1', 0),
(1732, '1', 0),
(1733, '1', 0),
(1734, '1', 0),
(1735, '1', 0),
(1736, '1', 0),
(1737, '1', 0),
(1738, '1', 0),
(1739, '1', 0),
(1740, '1', 0),
(1741, '1', 0),
(1742, '1', 0),
(1743, '1', 0),
(1744, '1', 0),
(1745, '1', 0),
(1746, '1', 0),
(1747, '1', 0),
(1748, '1', 0),
(1749, '1', 0),
(1750, '1', 0),
(1751, '1', 0),
(1752, '1', 0),
(1753, '1', 0),
(1754, '1', 0),
(1755, '1', 0),
(1756, '1', 0),
(1757, '1', 0),
(1758, '1', 0),
(1759, '1', 0),
(1760, '1', 0),
(1761, '1', 0),
(1762, '1', 0),
(1763, '1', 0),
(1764, '1', 0),
(1765, '1', 0),
(1766, '1', 0),
(1767, '1', 0),
(1768, '1', 0),
(1769, '1', 0),
(1770, '1', 0),
(1771, '1', 0),
(1772, '1', 0),
(1773, '1', 0),
(1774, '1', 0),
(1775, '1', 0),
(1776, '1', 0),
(1777, '1', 0),
(1778, '1', 0),
(1779, '1', 0),
(1780, '1', 0),
(1781, '1', 0),
(1782, '1', 0),
(1783, '1', 0),
(1784, '1', 0),
(1785, '1', 0),
(1786, '1', 0),
(1787, '1', 0),
(1788, '1', 0),
(1789, '1', 0),
(1790, '1', 0),
(1791, '1', 0),
(1792, '1', 0),
(1793, '1', 0),
(1794, '1', 0),
(1795, '1', 0),
(1796, '1', 0),
(1797, '1', 0),
(1798, '1', 0),
(1799, '1', 0),
(1800, '1', 0),
(1801, '1', 0),
(1802, '1', 0),
(1803, '1', 0),
(1804, '1', 0),
(1805, '1', 0),
(1806, '1', 0),
(1807, '1', 0),
(1808, '1', 0),
(1809, '1', 0),
(1810, '1', 0),
(1811, '1', 0),
(1812, '1', 0),
(1813, '1', 0),
(1814, '1', 0),
(1815, '1', 0),
(1816, '1', 0),
(1817, '1', 0),
(1818, '1', 0),
(1819, '1', 0),
(1820, '1', 0),
(1821, '1', 0),
(1822, '1', 0),
(1823, '1', 0),
(1824, '1', 0),
(1825, '1', 0),
(1826, '1', 0),
(1827, '1', 0),
(1828, '1', 0),
(1829, '1', 0),
(1830, '1', 0),
(1831, '1', 0),
(1832, '1', 0),
(1833, '1', 0),
(1834, '1', 0),
(1835, '1', 0),
(1836, '1', 0),
(1837, '1', 0),
(1838, '1', 0),
(1839, '1', 0),
(1840, '1', 0),
(1841, '1', 0),
(1842, '1', 0),
(1843, '1', 0),
(1844, '1', 0),
(1845, '1', 0),
(1846, '1', 0),
(1847, '1', 0),
(1848, '1', 0),
(1849, '1', 0),
(1850, '1', 0),
(1851, '1', 0),
(1852, '1', 0),
(1853, '1', 0),
(1854, '1', 0),
(1855, '1', 0),
(1856, '1', 0),
(1857, '1', 0),
(1858, '1', 0),
(1859, '1', 0),
(1860, '1', 0),
(1861, '1', 0),
(1862, '1', 0),
(1863, '1', 0),
(1864, '1', 0),
(1865, '1', 0),
(1866, '1', 0),
(1867, '1', 0),
(1868, '1', 0),
(1869, '1', 0),
(1870, '1', 0),
(1871, '1', 0),
(1872, '1', 0),
(1873, '1', 0),
(1874, '1', 0),
(1875, '1', 0),
(1876, '1', 0),
(1877, '1', 0),
(1878, '1', 0),
(1879, '1', 0),
(1880, '1', 0),
(1881, '1', 0),
(1882, '1', 0),
(1883, '1', 0),
(1884, '1', 0),
(1885, '1', 0),
(1886, '1', 0),
(1887, '1', 0),
(1888, '1', 0),
(1889, '1', 0),
(1890, '1', 0),
(1891, '1', 0),
(1892, '1', 0),
(1893, '1', 0),
(1894, '1', 0),
(1895, '1', 0),
(1896, '1', 0),
(1897, '1', 0),
(1898, '1', 0),
(1899, '1', 0),
(1900, '1', 0),
(1901, '1', 0),
(1902, '1', 0),
(1903, '1', 0),
(1904, '1', 0),
(1905, '1', 0),
(1906, '1', 0),
(1907, '1', 0),
(1908, '1', 0),
(1909, '1', 0),
(1910, '1', 0),
(1911, '1', 0),
(1912, '1', 0),
(1913, '1', 0),
(1914, '1', 0),
(1915, '1', 0),
(1916, '1', 0),
(1917, '1', 0),
(1918, '1', 0),
(1919, '1', 0),
(1920, '1', 0),
(1921, '1', 0),
(1922, '1', 0),
(1923, '1', 0),
(1924, '1', 0),
(1925, '1', 0),
(1926, '1', 0),
(1927, '1', 0),
(1928, '1', 0),
(1929, '1', 0),
(1930, '1', 0),
(1931, '1', 0),
(1932, '1', 0),
(1933, '1', 0),
(1934, '1', 0),
(1935, '1', 0),
(1936, '1', 0),
(1937, '1', 0),
(1938, '1', 0),
(1939, '1', 0),
(1940, '1', 0),
(1941, '1', 0),
(1942, '1', 0),
(1943, '1', 0),
(1944, '1', 0),
(1945, '1', 0),
(1946, '1', 0),
(1947, '1', 0),
(1948, '1', 0),
(1949, '1', 0),
(1950, '1', 0),
(1951, '1', 0),
(1952, '1', 0),
(1953, '1', 0),
(1954, '1', 0),
(1955, '1', 0),
(1956, '1', 0),
(1957, '1', 0),
(1958, '1', 0),
(1959, '1', 0),
(1960, '1', 0),
(1961, '1', 0),
(1962, '1', 0),
(1963, '1', 0),
(1964, '1', 0),
(1965, '1', 0),
(1966, '1', 0),
(1967, '1', 0),
(1968, '1', 0),
(1969, '1', 0),
(1970, '1', 0),
(1971, '1', 0),
(1972, '1', 0),
(1973, '1', 0),
(1974, '1', 0),
(1975, '1', 0),
(1976, '1', 0),
(1977, '1', 0),
(1978, '1', 0),
(1979, '1', 0),
(1980, '1', 0),
(1981, '1', 0),
(1982, '1', 0),
(1983, '1', 0),
(1984, '1', 0),
(1985, '1', 0),
(1986, '1', 0),
(1987, '1', 0),
(1988, '1', 0),
(1989, '1', 0),
(1990, '1', 0),
(1991, '1', 0),
(1992, '1', 0),
(1993, '1', 0),
(1994, '1', 0),
(1995, '1', 0),
(1996, '1', 0),
(1997, '1', 0),
(1998, '1', 0),
(1999, '1', 0),
(2000, '1', 0),
(2001, '1', 0),
(2002, '1', 0),
(2003, '1', 0),
(2004, '1', 0),
(2005, '1', 0),
(2006, '1', 0),
(2007, '1', 0),
(2008, '1', 0),
(2009, '1', 0),
(2010, '1', 0),
(2011, '1', 0),
(2012, '1', 0),
(2013, '1', 0),
(2014, '1', 0),
(2015, '1', 0),
(2016, '1', 0),
(2017, '1', 0),
(2018, '1', 0),
(2019, '1', 0),
(2020, '1', 0),
(2021, '1', 0),
(2022, '1', 0),
(2023, '1', 0),
(2024, '1', 0),
(2025, '1', 0),
(2026, '1', 0),
(2027, '1', 0),
(2028, '1', 0),
(2029, '1', 0),
(2030, '1', 0),
(2031, '1', 0),
(2032, '1', 0),
(2033, '1', 0),
(2034, '1', 0),
(2035, '1', 0),
(2036, '1', 0),
(2037, '1', 0),
(2038, '1', 0),
(2039, '1', 0),
(2040, '1', 0),
(2041, '1', 0),
(2042, '1', 0),
(2043, '1', 0),
(2044, '1', 0),
(2045, '1', 0),
(2046, '1', 0),
(2047, '1', 0),
(2048, '1', 0),
(2049, '1', 0),
(2050, '1', 0),
(2051, '1', 0),
(2052, '1', 0),
(2053, '1', 0),
(2054, '1', 0),
(2055, '1', 0),
(2056, '1', 0),
(2057, '1', 0),
(2058, '1', 0),
(2059, '1', 0),
(2060, '1', 0),
(2061, '1', 0),
(2062, '1', 0),
(2063, '1', 0),
(2064, '1', 0),
(2065, '1', 0),
(2066, '1', 0),
(2067, '1', 0),
(2068, '1', 0),
(2069, '1', 0),
(2070, '1', 0),
(2071, '1', 0),
(2072, '1', 0),
(2073, '1', 0),
(2074, '1', 0),
(2075, '1', 0),
(2076, '1', 0),
(2077, '1', 0),
(2078, '1', 0),
(2079, '1', 0),
(2080, '1', 0),
(2081, '1', 0),
(2082, '1', 0),
(2083, '1', 0),
(2084, '1', 0),
(2085, '1', 0),
(2086, '1', 0),
(2087, '1', 0),
(2088, '1', 0),
(2089, '1', 0),
(2090, '1', 0),
(2091, '1', 0),
(2092, '1', 0),
(2093, '1', 0),
(2094, '1', 0),
(2095, '1', 0),
(2096, '1', 0),
(2097, '1', 0),
(2098, '1', 0),
(2099, '1', 0),
(2100, '1', 0),
(2101, '1', 0),
(2102, '1', 0),
(2103, '1', 0),
(2104, '1', 0),
(2105, '1', 0),
(2106, '1', 0),
(2107, '1', 0),
(2108, '1', 0),
(2109, '1', 0),
(2110, '1', 0),
(2111, '1', 0),
(2112, '1', 0),
(2113, '1', 0),
(2114, '1', 0),
(2115, '1', 0),
(2116, '1', 0),
(2117, '1', 0),
(2118, '1', 0),
(2119, '1', 0),
(2120, '1', 0),
(2121, '1', 0),
(2122, '1', 0),
(2123, '1', 0),
(2124, '1', 0),
(2125, '1', 0),
(2126, '1', 0),
(2127, '1', 0),
(2128, '1', 0),
(2129, '1', 0),
(2130, '1', 0),
(2131, '1', 0),
(2132, '1', 0),
(2133, '1', 0),
(2134, '1', 0),
(2135, '1', 0),
(2136, '1', 0),
(2137, '1', 0),
(2138, '1', 0),
(2139, '1', 0),
(2140, '1', 0),
(2141, '1', 0),
(2142, '1', 0),
(2143, '1', 0),
(2144, '1', 0),
(2145, '1', 0),
(2146, '1', 0),
(2147, '1', 0),
(2148, '1', 0),
(2149, '1', 0),
(2150, '1', 0),
(2151, '1', 0),
(2152, '1', 0),
(2153, '1', 0),
(2154, '1', 0),
(2155, '1', 0),
(2156, '1', 0),
(2157, '1', 0),
(2158, '1', 0),
(2159, '1', 0),
(2160, '1', 0),
(2161, '1', 0),
(2162, '1', 0),
(2163, '1', 0),
(2164, '1', 0),
(2165, '1', 0),
(2166, '1', 0),
(2167, '1', 0),
(2168, '1', 0),
(2169, '1', 0),
(2170, '1', 0),
(2171, '1', 0),
(2172, '1', 0),
(2173, '1', 0),
(2174, '1', 0),
(2175, '1', 0),
(2176, '1', 0),
(2177, '1', 0),
(2178, '1', 0),
(2179, '1', 0),
(2180, '1', 0),
(2181, '1', 0),
(2182, '1', 0),
(2183, '1', 0),
(2184, '1', 0),
(2185, '1', 0),
(2186, '1', 0),
(2187, '1', 0),
(2188, '1', 0),
(2189, '1', 0),
(2190, '1', 0),
(2191, '1', 0),
(2192, '1', 0),
(2193, '1', 0),
(2194, '1', 0),
(2195, '1', 0),
(2196, '1', 0),
(2197, '1', 0),
(2198, '1', 0),
(2199, '1', 0),
(2200, '1', 0),
(2201, '1', 0),
(2202, '1', 0),
(2203, '1', 0),
(2204, '1', 0),
(2205, '1', 0),
(2206, '1', 0),
(2207, '1', 0),
(2208, '1', 0),
(2209, '1', 0),
(2210, '1', 0),
(2211, '1', 0),
(2212, '1', 0),
(2213, '1', 0),
(2214, '1', 0),
(2215, '1', 0),
(2216, '1', 0),
(2217, '1', 0),
(2218, '1', 0),
(2219, '1', 0),
(2220, '1', 0),
(2221, '1', 0),
(2222, '1', 0),
(2223, '1', 0),
(2224, '1', 0),
(2225, '1', 0),
(2226, '1', 0),
(2227, '1', 0),
(2228, '1', 0),
(2229, '1', 0),
(2230, '1', 0),
(2231, '1', 0),
(2232, '1', 0),
(2233, '1', 0),
(2234, '1', 0),
(2235, '1', 0),
(2236, '1', 0),
(2237, '1', 0),
(2238, '1', 0),
(2239, '1', 0),
(2240, '1', 0),
(2241, '1', 0),
(2242, '1', 0),
(2243, '1', 0),
(2244, '1', 0),
(2245, '1', 0),
(2246, '1', 0),
(2247, '1', 0),
(2248, '1', 0),
(2249, '1', 0),
(2250, '1', 0),
(2251, '1', 0),
(2252, '1', 0),
(2253, '1', 0),
(2254, '1', 0),
(2255, '1', 0),
(2256, '1', 0),
(2257, '1', 0),
(2258, '1', 0),
(2259, '1', 0),
(2260, '1', 0),
(2261, '1', 0),
(2262, '1', 0),
(2263, '1', 0),
(2264, '1', 0),
(2265, '1', 0),
(2266, '1', 0),
(2267, '1', 0),
(2268, '1', 0),
(2269, '1', 0),
(2270, '1', 0),
(2271, '1', 0),
(2272, '1', 0),
(2273, '1', 0),
(2274, '1', 0),
(2275, '1', 0),
(2276, '1', 0),
(2277, '1', 0),
(2278, '1', 0),
(2279, '1', 0),
(2280, '1', 0),
(2281, '1', 0),
(2282, '1', 0),
(2283, '1', 0),
(2284, '1', 0),
(2285, '1', 0),
(2286, '1', 0),
(2287, '1', 0),
(2288, '1', 0),
(2289, '1', 0),
(2290, '1', 0),
(2291, '1', 0),
(2292, '1', 0),
(2293, '1', 0),
(2294, '1', 0),
(2295, '1', 0),
(2296, '1', 0),
(2297, '1', 0),
(2298, '1', 0),
(2299, '1', 0),
(2300, '1', 0),
(2301, '1', 0),
(2302, '1', 0),
(2303, '1', 0),
(2304, '1', 0),
(2305, '1', 0),
(2306, '1', 0),
(2307, '1', 0),
(2308, '1', 0),
(2309, '1', 0),
(2310, '1', 0),
(2311, '1', 0),
(2312, '1', 0),
(2313, '1', 0),
(2314, '1', 0),
(2315, '1', 0),
(2316, '1', 0),
(2317, '1', 0),
(2318, '1', 0),
(2319, '1', 0),
(2320, '1', 0),
(2321, '1', 0),
(2322, '1', 0),
(2323, '1', 0),
(2324, '1', 0),
(2325, '1', 0),
(2326, '1', 0),
(2327, '1', 0),
(2328, '1', 0),
(2329, '1', 0),
(2330, '1', 0),
(2331, '1', 0),
(2332, '1', 0),
(2333, '1', 0),
(2334, '1', 0),
(2335, '1', 0),
(2336, '1', 0),
(2337, '1', 0),
(2338, '1', 0),
(2339, '1', 0),
(2340, '1', 0),
(2341, '1', 0),
(2342, '1', 0),
(2343, '1', 0),
(2344, '1', 0),
(2345, '1', 0),
(2346, '1', 0),
(2347, '1', 0),
(2348, '1', 0),
(2349, '1', 0),
(2350, '1', 0),
(2351, '1', 0),
(2352, '1', 0),
(2353, '1', 0),
(2354, '1', 0),
(2355, '1', 0),
(2356, '1', 0),
(2357, '1', 0),
(2358, '1', 0),
(2359, '1', 0),
(2360, '1', 0),
(2361, '1', 0),
(2362, '1', 0),
(2363, '1', 0),
(2364, '1', 0),
(2365, '1', 0),
(2366, '1', 0),
(2367, '1', 0),
(2368, '1', 0),
(2369, '1', 0),
(2370, '1', 0),
(2371, '1', 0),
(2372, '1', 0),
(2373, '1', 0),
(2374, '1', 0),
(2375, '1', 0),
(2376, '1', 0),
(2377, '1', 0),
(2378, '1', 0),
(2379, '1', 0),
(2380, '1', 0),
(2381, '1', 0),
(2382, '1', 0),
(2383, '1', 0),
(2384, '1', 0),
(2385, '1', 0),
(2386, '1', 0),
(2387, '1', 0),
(2388, '1', 0),
(2389, '1', 0),
(2390, '1', 0),
(2391, '1', 0),
(2392, '1', 0),
(2393, '1', 0),
(2394, '1', 0),
(2395, '1', 0),
(2396, '1', 0),
(2397, '1', 0),
(2398, '1', 0),
(2399, '1', 0),
(2400, '1', 0),
(2401, '1', 0),
(2402, '1', 0),
(2403, '1', 0),
(2404, '1', 0),
(2405, '1', 0),
(2406, '1', 0),
(2407, '1', 0),
(2408, '1', 0),
(2409, '1', 0),
(2410, '1', 0),
(2411, '1', 0),
(2412, '1', 0),
(2413, '1', 0),
(2414, '1', 0),
(2415, '1', 0),
(2416, '1', 0),
(2417, '1', 0),
(2418, '1', 0),
(2419, '1', 0),
(2420, '1', 0),
(2421, '1', 0),
(2422, '1', 0),
(2423, '1', 0),
(2424, '1', 0),
(2425, '1', 0),
(2426, '1', 0),
(2427, '1', 0),
(2428, '1', 0),
(2429, '1', 0),
(2430, '1', 0),
(2431, '1', 0),
(2432, '1', 0),
(2433, '1', 0),
(2434, '1', 0),
(2435, '1', 0),
(2436, '1', 0),
(2437, '1', 0),
(2438, '1', 0),
(2439, '1', 0),
(2440, '1', 0),
(2441, '1', 0),
(2442, '1', 0),
(2443, '1', 0),
(2444, '1', 0),
(2445, '1', 0),
(2446, '1', 0),
(2447, '1', 0),
(2448, '1', 0),
(2449, '1', 0),
(2450, '1', 0),
(2451, '1', 0),
(2452, '1', 0),
(2453, '1', 0),
(2454, '1', 0),
(2455, '1', 0),
(2456, '1', 0),
(2457, '1', 0),
(2458, '1', 0),
(2459, '1', 0),
(2460, '1', 0),
(2461, '1', 0),
(2462, '1', 0),
(2463, '1', 0),
(2464, '1', 0),
(2465, '1', 0),
(2466, '1', 0),
(2467, '1', 0),
(2468, '1', 0),
(2469, '1', 0),
(2470, '1', 0),
(2471, '1', 0),
(2472, '1', 0),
(2473, '1', 0),
(2474, '1', 0),
(2475, '1', 0),
(2476, '1', 0),
(2477, '1', 0),
(2478, '1', 0),
(2479, '1', 0),
(2480, '1', 0),
(2481, '1', 0),
(2482, '1', 0),
(2483, '1', 0),
(2484, '1', 0),
(2485, '1', 0),
(2486, '1', 0),
(2487, '1', 0),
(2488, '1', 0),
(2489, '1', 0),
(2490, '1', 0),
(2491, '1', 0),
(2492, '1', 0),
(2493, '1', 0),
(2494, '1', 0),
(2495, '1', 0),
(2496, '1', 0),
(2497, '1', 0),
(2498, '1', 0),
(2499, '1', 0),
(2500, '1', 0),
(2501, '1', 0),
(2502, '1', 0),
(2503, '1', 0),
(2504, '1', 0),
(2505, '1', 0),
(2506, '1', 0),
(2507, '1', 0),
(2508, '1', 0),
(2509, '1', 0),
(2510, '1', 0),
(2511, '1', 0),
(2512, '1', 0),
(2513, '1', 0),
(2514, '1', 0),
(2515, '1', 0),
(2516, '1', 0),
(2517, '1', 0),
(2518, '1', 0),
(2519, '1', 0),
(2520, '1', 0),
(2521, '1', 0),
(2522, '1', 0),
(2523, '1', 0),
(2524, '1', 0),
(2525, '1', 0),
(2526, '1', 0),
(2527, '1', 0),
(2528, '1', 0),
(2529, '1', 0),
(2530, '1', 0),
(2531, '1', 0),
(2532, '1', 0),
(2533, '1', 0),
(2534, '1', 0),
(2535, '1', 0),
(2536, '1', 0),
(2537, '1', 0),
(2538, '1', 0),
(2539, '1', 0),
(2540, '1', 0),
(2541, '1', 0),
(2542, '1', 0),
(2543, '1', 0),
(2544, '1', 0),
(2545, '1', 0),
(2546, '1', 0),
(2547, '1', 0),
(2548, '1', 0),
(2549, '1', 0),
(2550, '1', 0),
(2551, '1', 0),
(2552, '1', 0),
(2553, '1', 0),
(2554, '1', 0),
(2555, '1', 0),
(2556, '1', 0),
(2557, '1', 0),
(2558, '1', 0),
(2559, '1', 0),
(2560, '1', 0),
(2561, '1', 0),
(2562, '1', 0),
(2563, '1', 0),
(2564, '1', 0),
(2565, '1', 0),
(2566, '1', 0),
(2567, '1', 0),
(2568, '1', 0),
(2569, '1', 0),
(2570, '1', 0),
(2571, '1', 0),
(2572, '1', 0),
(2573, '1', 0),
(2574, '1', 0),
(2575, '1', 0),
(2576, '1', 0),
(2577, '1', 0),
(2578, '1', 0),
(2579, '1', 0),
(2580, '1', 0),
(2581, '1', 0),
(2582, '1', 0),
(2583, '1', 0),
(2584, '1', 0),
(2585, '1', 0),
(2586, '1', 0),
(2587, '1', 0),
(2588, '1', 0),
(2589, '1', 0),
(2590, '1', 0),
(2591, '1', 0),
(2592, '1', 0),
(2593, '1', 0),
(2594, '1', 0),
(2595, '1', 0),
(2596, '1', 0),
(2597, '1', 0),
(2598, '1', 0),
(2599, '1', 0),
(2600, '1', 0),
(2601, '1', 0),
(2602, '1', 0),
(2603, '1', 0),
(2604, '1', 0),
(2605, '1', 0),
(2606, '1', 0),
(2607, '1', 0),
(2608, '1', 0),
(2609, '1', 0),
(2610, '1', 0),
(2611, '1', 0),
(2612, '1', 0),
(2613, '1', 0),
(2614, '1', 0),
(2615, '1', 0),
(2616, '1', 0),
(2617, '1', 0),
(2618, '1', 0),
(2619, '1', 0),
(2620, '1', 0),
(2621, '1', 0),
(2622, '1', 0),
(2623, '1', 0),
(2624, '1', 0),
(2625, '1', 0),
(2626, '1', 0),
(2627, '1', 0),
(2628, '1', 0),
(2629, '1', 0),
(2630, '1', 0),
(2631, '1', 0),
(2632, '1', 0),
(2633, '1', 0),
(2634, '1', 0),
(2635, '1', 0),
(2636, '1', 0),
(2637, '1', 0),
(2638, '1', 0),
(2639, '1', 0),
(2640, '1', 0),
(2641, '1', 0),
(2642, '1', 0),
(2643, '1', 0),
(2644, '1', 0),
(2645, '1', 0),
(2646, '1', 0),
(2647, '1', 0),
(2648, '1', 0),
(2649, '1', 0),
(2650, '1', 0),
(2651, '1', 0),
(2652, '1', 0),
(2653, '1', 0),
(2654, '1', 0),
(2655, '1', 0),
(2656, '1', 0),
(2657, '1', 0),
(2658, '1', 0),
(2659, '1', 0),
(2660, '1', 0),
(2661, '1', 0),
(2662, '1', 0),
(2663, '1', 0),
(2664, '1', 0),
(2665, '1', 0),
(2666, '1', 0),
(2667, '1', 0),
(2668, '1', 0),
(2669, '1', 0),
(2670, '1', 0),
(2671, '1', 0),
(2672, '1', 0),
(2673, '1', 0),
(2674, '1', 0),
(2675, '1', 0),
(2676, '1', 0),
(2677, '1', 0),
(2678, '1', 0),
(2679, '1', 0),
(2680, '1', 0),
(2681, '1', 0),
(2682, '1', 0),
(2683, '1', 0),
(2684, '1', 0),
(2685, '1', 0),
(2686, '1', 0),
(2687, '1', 0),
(2688, '1', 0),
(2689, '1', 0),
(2690, '1', 0),
(2691, '1', 0),
(2692, '1', 0),
(2693, '1', 0),
(2694, '1', 0),
(2695, '1', 0),
(2696, '1', 0),
(2697, '1', 0),
(2698, '1', 0),
(2699, '1', 0),
(2700, '1', 0),
(2701, '1', 0),
(2702, '1', 0),
(2703, '1', 0),
(2704, '1', 0),
(2705, '1', 0),
(2706, '1', 0),
(2707, '1', 0),
(2708, '1', 0),
(2709, '1', 0),
(2710, '1', 0),
(2711, '1', 0),
(2712, '1', 0),
(2713, '1', 0),
(2714, '1', 0),
(2715, '1', 0),
(2716, '1', 0),
(2717, '1', 0),
(2718, '1', 0),
(2719, '1', 0),
(2720, '1', 0),
(2721, '1', 0),
(2722, '1', 0),
(2723, '1', 0),
(2724, '1', 0),
(2725, '1', 0),
(2726, '1', 0),
(2727, '1', 0),
(2728, '1', 0),
(2729, '1', 0),
(2730, '1', 0),
(2731, '1', 0),
(2732, '1', 0),
(2733, '1', 0),
(2734, '1', 0),
(2735, '1', 0),
(2736, '1', 0),
(2737, '1', 0),
(2738, '1', 0),
(2739, '1', 0),
(2740, '1', 0),
(2741, '1', 0),
(2742, '1', 0),
(2743, '1', 0),
(2744, '1', 0),
(2745, '1', 0),
(2746, '1', 0),
(2747, '1', 0),
(2748, '1', 0),
(2749, '1', 0),
(2750, '1', 0),
(2751, '1', 0),
(2752, '1', 0),
(2753, '1', 0),
(2754, '1', 0),
(2755, '1', 0),
(2756, '1', 0),
(2757, '1', 0),
(2758, '1', 0),
(2759, '1', 0),
(2760, '1', 0),
(2761, '1', 0),
(2762, '1', 0),
(2763, '1', 0),
(2764, '1', 0),
(2765, '1', 0),
(2766, '1', 0),
(2767, '1', 0),
(2768, '1', 0),
(2769, '1', 0),
(2770, '1', 0),
(2771, '1', 0),
(2772, '1', 0),
(2773, '1', 0),
(2774, '1', 0),
(2775, '1', 0),
(2776, '1', 0),
(2777, '1', 0),
(2778, '1', 0),
(2779, '1', 0),
(2780, '1', 0),
(2781, '1', 0),
(2782, '1', 0),
(2783, '1', 0),
(2784, '1', 0),
(2785, '1', 0),
(2786, '1', 0),
(2787, '1', 0),
(2788, '1', 0),
(2789, '1', 0),
(2790, '1', 0),
(2791, '1', 0),
(2792, '1', 0),
(2793, '1', 0),
(2794, '1', 0),
(2795, '1', 0),
(2796, '1', 0),
(2797, '1', 0),
(2798, '1', 0),
(2799, '1', 0),
(2800, '1', 0),
(2801, '1', 0),
(2802, '1', 0),
(2803, '1', 0),
(2804, '1', 0),
(2805, '1', 0),
(2806, '1', 0),
(2807, '1', 0),
(2808, '1', 0),
(2809, '1', 0),
(2810, '1', 0),
(2811, '1', 0),
(2812, '1', 0),
(2813, '1', 0),
(2814, '1', 0),
(2815, '1', 0),
(2816, '1', 0),
(2817, '1', 0),
(2818, '1', 0),
(2819, '1', 0),
(2820, '1', 0),
(2821, '1', 0),
(2822, '1', 0),
(2823, '1', 0),
(2824, '1', 0),
(2825, '1', 0),
(2826, '1', 0),
(2827, '1', 0),
(2828, '1', 0),
(2829, '1', 0),
(2830, '1', 0),
(2831, '1', 0),
(2832, '1', 0),
(2833, '1', 0),
(2834, '1', 0),
(2835, '1', 0),
(2836, '1', 0),
(2837, '1', 0),
(2838, '1', 0),
(2839, '1', 0),
(2840, '1', 0),
(2841, '1', 0),
(2842, '1', 0),
(2843, '1', 0),
(2844, '1', 0),
(2845, '1', 0),
(2846, '1', 0),
(2847, '1', 0),
(2848, '1', 0),
(2849, '1', 0),
(2850, '1', 0),
(2851, '1', 0),
(2852, '1', 0),
(2853, '1', 0),
(2854, '1', 0),
(2855, '1', 0),
(2856, '1', 0),
(2857, '1', 0),
(2858, '1', 0),
(2859, '1', 0),
(2860, '1', 0),
(2861, '1', 0),
(2862, '1', 0),
(2863, '1', 0),
(2864, '1', 0),
(2865, '1', 0),
(2866, '1', 0),
(2867, '1', 0),
(2868, '1', 0),
(2869, '1', 0),
(2870, '1', 0),
(2871, '1', 0),
(2872, '1', 0),
(2873, '1', 0),
(2874, '1', 0),
(2875, '1', 0),
(2876, '1', 0),
(2877, '1', 0),
(2878, '1', 0),
(2879, '1', 0),
(2880, '1', 0),
(2881, '1', 0),
(2882, '1', 0),
(2883, '1', 0),
(2884, '1', 0),
(2885, '1', 0),
(2886, '1', 0),
(2887, '1', 0),
(2888, '1', 0),
(2889, '1', 0),
(2890, '1', 0),
(2891, '1', 0),
(2892, '1', 0),
(2893, '1', 0),
(2894, '1', 0),
(2895, '1', 0),
(2896, '1', 0),
(2897, '1', 0),
(2898, '1', 0),
(2899, '1', 0),
(2900, '1', 0),
(2901, '1', 0),
(2902, '1', 0),
(2903, '1', 0),
(2904, '1', 0),
(2905, '1', 0),
(2906, '1', 0),
(2907, '1', 0),
(2908, '1', 0),
(2909, '1', 0),
(2910, '1', 0),
(2911, '1', 0),
(2912, '1', 0),
(2913, '1', 0),
(2914, '1', 0),
(2915, '1', 0),
(2916, '1', 0),
(2917, '1', 0),
(2918, '1', 0),
(2919, '1', 0),
(2920, '1', 0),
(2921, '1', 0),
(2922, '1', 0),
(2923, '1', 0),
(2924, '1', 0),
(2925, '1', 0),
(2926, '1', 0),
(2927, '1', 0),
(2928, '1', 0),
(2929, '1', 0),
(2930, '1', 0),
(2931, '1', 0),
(2932, '1', 0),
(2933, '1', 0),
(2934, '1', 0),
(2935, '1', 0),
(2936, '1', 0),
(2937, '1', 0),
(2938, '1', 0),
(2939, '1', 0),
(2940, '1', 0),
(2941, '1', 0),
(2942, '1', 0),
(2943, '1', 0),
(2944, '1', 0),
(2945, '1', 0),
(2946, '1', 0),
(2947, '1', 0),
(2948, '1', 0),
(2949, '1', 0),
(2950, '1', 0),
(2951, '1', 0),
(2952, '1', 0),
(2953, '1', 0),
(2954, '1', 0),
(2955, '1', 0),
(2956, '1', 0),
(2957, '1', 0),
(2958, '1', 0),
(2959, '1', 0),
(2960, '1', 0),
(2961, '1', 0),
(2962, '1', 0),
(2963, '1', 0),
(2964, '1', 0),
(2965, '1', 0),
(2966, '1', 0),
(2967, '1', 0),
(2968, '1', 0),
(2969, '1', 0),
(2970, '1', 0),
(2971, '1', 0),
(2972, '1', 0),
(2973, '1', 0),
(2974, '1', 0),
(2975, '1', 0),
(2976, '1', 0),
(2977, '1', 0),
(2978, '1', 0),
(2979, '1', 0),
(2980, '1', 0),
(2981, '1', 0),
(2982, '1', 0),
(2983, '1', 0),
(2984, '1', 0),
(2985, '1', 0),
(2986, '1', 0),
(2987, '1', 0),
(2988, '1', 0),
(2989, '1', 0),
(2990, '1', 0),
(2991, '1', 0),
(2992, '1', 0),
(2993, '1', 0),
(2994, '1', 0),
(2995, '1', 0),
(2996, '1', 0),
(2997, '1', 0),
(2998, '1', 0),
(2999, '1', 0),
(3000, '1', 0),
(3001, '1', 0),
(3002, '1', 0),
(3003, '1', 0),
(3004, '1', 0),
(3005, '1', 0),
(3006, '1', 0),
(3007, '1', 0),
(3008, '1', 0),
(3009, '1', 0),
(3010, '1', 0),
(3011, '1', 0),
(3012, '1', 0),
(3013, '1', 0),
(3014, '1', 0),
(3015, '1', 0),
(3016, '1', 0),
(3017, '1', 0),
(3018, '1', 0),
(3019, '1', 0),
(3020, '1', 0),
(3021, '1', 0),
(3022, '1', 0),
(3023, '1', 0),
(3024, '1', 0),
(3025, '1', 0),
(3026, '1', 0),
(3027, '1', 0),
(3028, '1', 0),
(3029, '1', 0),
(3030, '1', 0),
(3031, '1', 0),
(3032, '1', 0),
(3033, '1', 0),
(3034, '1', 0),
(3035, '1', 0),
(3036, '1', 0),
(3037, '1', 0),
(3038, '1', 0),
(3039, '1', 0),
(3040, '1', 0),
(3041, '1', 0),
(3042, '1', 0),
(3043, '1', 0),
(3044, '1', 0),
(3045, '1', 0),
(3046, '1', 0),
(3047, '1', 0),
(3048, '1', 0),
(3049, '1', 0),
(3050, '1', 0),
(3051, '1', 0),
(3052, '1', 0),
(3053, '1', 0),
(3054, '1', 0),
(3055, '1', 0),
(3056, '1', 0),
(3057, '1', 0),
(3058, '1', 0),
(3059, '1', 0),
(3060, '1', 0),
(3061, '1', 0),
(3062, '1', 0),
(3063, '1', 0),
(3064, '1', 0),
(3065, '1', 0),
(3066, '1', 0),
(3067, '1', 0),
(3068, '1', 0),
(3069, '1', 0),
(3070, '1', 0),
(3071, '1', 0),
(3072, '1', 0),
(3073, '1', 0),
(3074, '1', 0),
(3075, '1', 0),
(3076, '1', 0),
(3077, '1', 0),
(3078, '1', 0),
(3079, '1', 0),
(3080, '1', 0),
(3081, '1', 0),
(3082, '1', 0),
(3083, '1', 0),
(3084, '1', 0),
(3085, '1', 0),
(3086, '1', 0),
(3087, '1', 0),
(3088, '1', 0),
(3089, '1', 0),
(3090, '1', 0),
(3091, '1', 0),
(3092, '1', 0),
(3093, '1', 0),
(3094, '1', 0),
(3095, '1', 0),
(3096, '1', 0),
(3097, '1', 0),
(3098, '1', 0),
(3099, '1', 0),
(3100, '1', 0),
(3101, '1', 0),
(3102, '1', 0),
(3103, '1', 0),
(3104, '1', 0),
(3105, '1', 0),
(3106, '1', 0),
(3107, '1', 0),
(3108, '1', 0),
(3109, '1', 0),
(3110, '1', 0),
(3111, '1', 0),
(3112, '1', 0),
(3113, '1', 0),
(3114, '1', 0),
(3115, '1', 0),
(3116, '1', 0),
(3117, '1', 0),
(3118, '1', 0),
(3119, '1', 0),
(3120, '1', 0),
(3121, '1', 0),
(3122, '1', 0),
(3123, '1', 0),
(3124, '1', 0),
(3125, '1', 0),
(3126, '1', 0),
(3127, '1', 0),
(3128, '1', 0),
(3129, '1', 0),
(3130, '1', 0),
(3131, '1', 0),
(3132, '1', 0),
(3133, '1', 0),
(3134, '1', 0),
(3135, '1', 0),
(3136, '1', 0),
(3137, '1', 0),
(3138, '1', 0),
(3139, '1', 0),
(3140, '1', 0),
(3141, '1', 0),
(3142, '1', 0),
(3143, '1', 0),
(3144, '1', 0),
(3145, '1', 0),
(3146, '1', 0),
(3147, '1', 0),
(3148, '1', 0),
(3149, '1', 0),
(3150, '1', 0),
(3151, '1', 0),
(3152, '1', 0),
(3153, '1', 0),
(3154, '1', 0),
(3155, '1', 0),
(3156, '1', 0),
(3157, '1', 0),
(3158, '1', 0),
(3159, '1', 0),
(3160, '1', 0),
(3161, '1', 0),
(3162, '1', 0),
(3163, '1', 0),
(3164, '1', 0),
(3165, '1', 0),
(3166, '1', 0),
(3167, '1', 0),
(3168, '1', 0),
(3169, '1', 0),
(3170, '1', 0),
(3171, '1', 0),
(3172, '1', 0),
(3173, '1', 0),
(3174, '1', 0),
(3175, '1', 0),
(3176, '1', 0),
(3177, '1', 0),
(3178, '1', 0),
(3179, '1', 0),
(3180, '1', 0),
(3181, '1', 0),
(3182, '1', 0),
(3183, '1', 0),
(3184, '1', 0),
(3185, '1', 0),
(3186, '1', 0),
(3187, '1', 0),
(3188, '1', 0),
(3189, '1', 0),
(3190, '1', 0),
(3191, '1', 0),
(3192, '1', 0),
(3193, '1', 0),
(3194, '1', 0),
(3195, '1', 0),
(3196, '1', 0),
(3197, '1', 0),
(3198, '1', 0),
(3199, '1', 0),
(3200, '1', 0),
(3201, '1', 0),
(3202, '1', 0),
(3203, '1', 0),
(3204, '1', 0),
(3205, '1', 0),
(3206, '1', 0),
(3207, '1', 0),
(3208, '1', 0),
(3209, '1', 0),
(3210, '1', 0),
(3211, '1', 0),
(3212, '1', 0),
(3213, '1', 0),
(3214, '1', 0),
(3215, '1', 0),
(3216, '1', 0),
(3217, '1', 0),
(3218, '1', 0),
(3219, '1', 0),
(3220, '1', 0),
(3221, '1', 0),
(3222, '1', 0),
(3223, '1', 0),
(3224, '1', 0),
(3225, '1', 0),
(3226, '1', 0),
(3227, '1', 0),
(3228, '1', 0),
(3229, '1', 0),
(3230, '1', 0),
(3231, '1', 0),
(3232, '1', 0),
(3233, '1', 0),
(3234, '1', 0),
(3235, '1', 0),
(3236, '1', 0),
(3237, '1', 0),
(3238, '1', 0),
(3239, '1', 0),
(3240, '1', 0),
(3241, '1', 0),
(3242, '1', 0),
(3243, '1', 0),
(3244, '1', 0),
(3245, '1', 0),
(3246, '1', 0),
(3247, '1', 0),
(3248, '1', 0),
(3249, '1', 0),
(3250, '1', 0),
(3251, '1', 0),
(3252, '1', 0),
(3253, '1', 0),
(3254, '1', 0),
(3255, '1', 0),
(3256, '1', 0),
(3257, '1', 0),
(3258, '1', 0),
(3259, '1', 0),
(3260, '1', 0),
(3261, '1', 0),
(3262, '1', 0),
(3263, '1', 0),
(3264, '1', 0),
(3265, '1', 0),
(3266, '1', 0),
(3267, '1', 0),
(3268, '1', 0),
(3269, '1', 0),
(3270, '1', 0),
(3271, '1', 0),
(3272, '1', 0),
(3273, '1', 0),
(3274, '1', 0),
(3275, '1', 0),
(3276, '1', 0),
(3277, '1', 0),
(3278, '1', 0),
(3279, '1', 0),
(3280, '1', 0),
(3281, '1', 0),
(3282, '1', 0),
(3283, '1', 0),
(3284, '1', 0),
(3285, '1', 0),
(3286, '1', 0),
(3287, '1', 0),
(3288, '1', 0),
(3289, '1', 0),
(3290, '1', 0),
(3291, '1', 0),
(3292, '1', 0),
(3293, '1', 0),
(3294, '1', 0),
(3295, '1', 0),
(3296, '1', 0),
(3297, '1', 0),
(3298, '1', 0),
(3299, '1', 0),
(3300, '1', 0),
(3301, '1', 0),
(3302, '1', 0),
(3303, '1', 0),
(3304, '1', 0),
(3305, '1', 0),
(3306, '1', 0),
(3307, '1', 0),
(3308, '1', 0),
(3309, '1', 0),
(3310, '1', 0),
(3311, '1', 0),
(3312, '1', 0),
(3313, '1', 0),
(3314, '1', 0),
(3315, '1', 0),
(3316, '1', 0),
(3317, '1', 0),
(3318, '1', 0),
(3319, '1', 0),
(3320, '1', 0),
(3321, '1', 0),
(3322, '1', 0),
(3323, '1', 0),
(3324, '1', 0),
(3325, '1', 0),
(3326, '1', 0),
(3327, '1', 0),
(3328, '1', 0),
(3329, '1', 0),
(3330, '1', 0),
(3331, '1', 0),
(3332, '1', 0),
(3333, '1', 0),
(3334, '1', 0),
(3335, '1', 0),
(3336, '1', 0),
(3337, '1', 0),
(3338, '1', 0),
(3339, '1', 0),
(3340, '1', 0),
(3341, '1', 0),
(3342, '1', 0),
(3343, '1', 0),
(3344, '1', 0),
(3345, '1', 0),
(3346, '1', 0),
(3347, '1', 0),
(3348, '1', 0),
(3349, '1', 0),
(3350, '1', 0),
(3351, '1', 0),
(3352, '1', 0),
(3353, '1', 0),
(3354, '1', 0),
(3355, '1', 0),
(3356, '1', 0),
(3357, '1', 0),
(3358, '1', 0),
(3359, '1', 0),
(3360, '1', 0),
(3361, '1', 0),
(3362, '1', 0),
(3363, '1', 0),
(3364, '1', 0),
(3365, '1', 0),
(3366, '1', 0),
(3367, '1', 0),
(3368, '1', 0),
(3369, '1', 0),
(3370, '1', 0),
(3371, '1', 0),
(3372, '1', 0),
(3373, '1', 0),
(3374, '1', 0),
(3375, '1', 0),
(3376, '1', 0),
(3377, '1', 0),
(3378, '1', 0),
(3379, '1', 0),
(3380, '1', 0),
(3381, '1', 0),
(3382, '1', 0),
(3383, '1', 0),
(3384, '1', 0),
(3385, '1', 0),
(3386, '1', 0),
(3387, '1', 0),
(3388, '1', 0),
(3389, '1', 0),
(3390, '1', 0),
(3391, '1', 0),
(3392, '1', 0),
(3393, '1', 0),
(3394, '1', 0),
(3395, '1', 0),
(3396, '1', 0),
(3397, '1', 0),
(3398, '1', 0),
(3399, '1', 0),
(3400, '1', 0),
(3401, '1', 0),
(3402, '1', 0),
(3403, '1', 0),
(3404, '1', 0),
(3405, '1', 0),
(3406, '1', 0),
(3407, '1', 0),
(3408, '1', 0),
(3409, '1', 0),
(3410, '1', 0),
(3411, '1', 0),
(3412, '1', 0),
(3413, '1', 0),
(3414, '1', 0),
(3415, '1', 0),
(3416, '1', 0),
(3417, '1', 0),
(3418, '1', 0),
(3419, '1', 0),
(3420, '1', 0),
(3421, '1', 0),
(3422, '1', 0),
(3423, '1', 0),
(3424, '1', 0),
(3425, '1', 0),
(3426, '1', 0),
(3427, '1', 0),
(3428, '1', 0),
(3429, '1', 0),
(3430, '1', 0),
(3431, '1', 0),
(3432, '1', 0),
(3433, '1', 0),
(3434, '1', 0),
(3435, '1', 0),
(3436, '1', 0),
(3437, '1', 0),
(3438, '1', 0),
(3439, '1', 0),
(3440, '1', 0),
(3441, '1', 0),
(3442, '1', 0),
(3443, '1', 0),
(3444, '1', 0),
(3445, '1', 0),
(3446, '1', 0),
(3447, '1', 0),
(3448, '1', 0),
(3449, '1', 0),
(3450, '1', 0),
(3451, '1', 0),
(3452, '1', 0),
(3453, '1', 0),
(3454, '1', 0),
(3455, '1', 0),
(3456, '1', 0),
(3457, '1', 0),
(3458, '1', 0),
(3459, '1', 0),
(3460, '1', 0),
(3461, '1', 0),
(3462, '1', 0),
(3463, '1', 0),
(3464, '1', 0),
(3465, '1', 0),
(3466, '1', 0),
(3467, '1', 0),
(3468, '1', 0),
(3469, '1', 0),
(3470, '1', 0),
(3471, '1', 0),
(3472, '1', 0),
(3473, '1', 0),
(3474, '1', 0),
(3475, '1', 0),
(3476, '1', 0),
(3477, '1', 0),
(3478, '1', 0),
(3479, '1', 0),
(3480, '1', 0),
(3481, '1', 0),
(3482, '1', 0),
(3483, '1', 0),
(3484, '1', 0),
(3485, '1', 0),
(3486, '1', 0),
(3487, '1', 0),
(3488, '1', 0),
(3489, '1', 0),
(3490, '1', 0),
(3491, '1', 0),
(3492, '1', 0),
(3493, '1', 0),
(3494, '1', 0),
(3495, '1', 0),
(3496, '1', 0),
(3497, '1', 0),
(3498, '1', 0),
(3499, '1', 0),
(3500, '1', 0),
(3501, '1', 0),
(3502, '1', 0),
(3503, '1', 0),
(3504, '1', 0),
(3505, '1', 0),
(3506, '1', 0),
(3507, '1', 0),
(3508, '1', 0),
(3509, '1', 0),
(3510, '1', 0),
(3511, '1', 0),
(3512, '1', 0),
(3513, '1', 0),
(3514, '1', 0),
(3515, '1', 0),
(3516, '1', 0),
(3517, '1', 0),
(3518, '1', 0),
(3519, '1', 0),
(3520, '1', 0),
(3521, '1', 0),
(3522, '1', 0),
(3523, '1', 0),
(3524, '1', 0),
(3525, '1', 0),
(3526, '1', 0),
(3527, '1', 0),
(3528, '1', 0),
(3529, '1', 0),
(3530, '1', 0),
(3531, '1', 0),
(3532, '1', 0),
(3533, '1', 0),
(3534, '1', 0),
(3535, '1', 0),
(3536, '1', 0),
(3537, '1', 0),
(3538, '1', 0),
(3539, '1', 0),
(3540, '1', 0),
(3541, '1', 0),
(3542, '1', 0),
(3543, '1', 0),
(3544, '1', 0),
(3545, '1', 0),
(3546, '1', 0),
(3547, '1', 0),
(3548, '1', 0),
(3549, '1', 0),
(3550, '1', 0),
(3551, '1', 0),
(3552, '1', 0),
(3553, '1', 0),
(3554, '1', 0),
(3555, '1', 0),
(3556, '1', 0),
(3557, '1', 0),
(3558, '1', 0),
(3559, '1', 0),
(3560, '1', 0),
(3561, '1', 0),
(3562, '1', 0),
(3563, '1', 0),
(3564, '1', 0),
(3565, '1', 0),
(3566, '1', 0),
(3567, '1', 0),
(3568, '1', 0),
(3569, '1', 0),
(3570, '1', 0),
(3571, '1', 0),
(3572, '1', 0),
(3573, '1', 0),
(3574, '1', 0),
(3575, '1', 0),
(3576, '1', 0),
(3577, '1', 0),
(3578, '1', 0),
(3579, '1', 0),
(3580, '1', 0),
(3581, '1', 0),
(3582, '1', 0),
(3583, '1', 0),
(3584, '1', 0),
(3585, '1', 0),
(3586, '1', 0),
(3587, '1', 0),
(3588, '1', 0),
(3589, '1', 0),
(3590, '1', 0),
(3591, '1', 0),
(3592, '1', 0),
(3593, '1', 0),
(3594, '1', 0),
(3595, '1', 0),
(3596, '1', 0),
(3597, '1', 0),
(3598, '1', 0),
(3599, '1', 0),
(3600, '1', 0),
(3601, '1', 0),
(3602, '1', 0),
(3603, '1', 0),
(3604, '1', 0),
(3605, '1', 0),
(3606, '1', 0),
(3607, '1', 0),
(3608, '1', 0),
(3609, '1', 0),
(3610, '1', 0),
(3611, '1', 0),
(3612, '1', 0),
(3613, '1', 0),
(3614, '1', 0),
(3615, '1', 0),
(3616, '1', 0),
(3617, '1', 0),
(3618, '1', 0),
(3619, '1', 0),
(3620, '1', 0),
(3621, '1', 0),
(3622, '1', 0),
(3623, '1', 0),
(3624, '1', 0),
(3625, '1', 0),
(3626, '1', 0),
(3627, '1', 0),
(3628, '1', 0),
(3629, '1', 0),
(3630, '1', 0),
(3631, '1', 0),
(3632, '1', 0),
(3633, '1', 0),
(3634, '1', 0),
(3635, '1', 0),
(3636, '1', 0),
(3637, '1', 0),
(3638, '1', 0),
(3639, '1', 0),
(3640, '1', 0),
(3641, '1', 0),
(3642, '1', 0),
(3643, '1', 0),
(3644, '1', 0),
(3645, '1', 0);
INSERT INTO `cpg15x_albums` (`aid`, `title`, `category`) VALUES
(3646, '1', 0),
(3647, '1', 0),
(3648, '1', 0),
(3649, '1', 0),
(3650, '1', 0),
(3651, '1', 0),
(3652, '1', 0),
(3653, '1', 0),
(3654, '1', 0),
(3655, '1', 0),
(3656, '1', 0),
(3657, '1', 0),
(3658, '1', 0),
(3659, '1', 0),
(3660, '1', 0),
(3661, '1', 0),
(3662, '1', 0),
(3663, '1', 0),
(3664, '1', 0),
(3665, '1', 0),
(3666, '1', 0),
(3667, '1', 0),
(3668, '1', 0),
(3669, '1', 0),
(3670, '1', 0),
(3671, '1', 0),
(3672, '1', 0),
(3673, '1', 0),
(3674, '1', 0),
(3675, '1', 0),
(3676, '1', 0),
(3677, '1', 0),
(3678, '1', 0),
(3679, '1', 0),
(3680, '1', 0),
(3681, '1', 0),
(3682, '1', 0),
(3683, '1', 0),
(3684, '1', 0),
(3685, '1', 0),
(3686, '1', 0),
(3687, '1', 0),
(3688, '1', 0),
(3689, '1', 0),
(3690, '1', 0),
(3691, '1', 0),
(3692, '1', 0),
(3693, '1', 0),
(3694, '1', 0),
(3695, '1', 0),
(3696, '1', 0),
(3697, '1', 0),
(3698, '1', 0),
(3699, '1', 0),
(3700, '1', 0),
(3701, '1', 0),
(3702, '1', 0),
(3703, '1', 0),
(3704, '1', 0),
(3705, '1', 0),
(3706, '1', 0),
(3707, '1', 0),
(3708, '1', 0),
(3709, '1', 0),
(3710, '1', 0),
(3711, '1', 0),
(3712, '1', 0),
(3713, '1', 0),
(3714, '1', 0),
(3715, '1', 0),
(3716, '1', 0),
(3717, '1', 0),
(3718, '1', 0),
(3719, '1', 0),
(3720, '1', 0),
(3721, '1', 0),
(3722, '1', 0),
(3723, '1', 0),
(3724, '1', 0),
(3725, '1', 0),
(3726, '1', 0),
(3727, '1', 0),
(3728, '1', 0),
(3729, '1', 0),
(3730, '1', 0),
(3731, '1', 0),
(3732, '1', 0),
(3733, '1', 0),
(3734, '1', 0),
(3735, '1', 0),
(3736, '1', 0),
(3737, '1', 0),
(3738, '1', 0),
(3739, '1', 0),
(3740, '1', 0),
(3741, '1', 0),
(3742, '1', 0),
(3743, '1', 0),
(3744, '1', 0),
(3745, '1', 0),
(3746, '1', 0),
(3747, '1', 0),
(3748, '1', 0),
(3749, '1', 0),
(3750, '1', 0),
(3751, '1', 0),
(3752, '1', 0),
(3753, '1', 0),
(3754, '1', 0),
(3755, '1', 0),
(3756, '1', 0),
(3757, '1', 0),
(3758, '1', 0),
(3759, '1', 0),
(3760, '1', 0),
(3761, '1', 0),
(3762, '1', 0),
(3763, '1', 0),
(3764, '1', 0),
(3765, '1', 0),
(3766, '1', 0),
(3767, '1', 0),
(3768, '1', 0),
(3769, '1', 0),
(3770, '1', 0),
(3771, '1', 0),
(3772, '1', 0),
(3773, '1', 0),
(3774, '1', 0),
(3775, '1', 0),
(3776, '1', 0),
(3777, '1', 0),
(3778, '1', 0),
(3779, '1', 0),
(3780, '1', 0),
(3781, '1', 0),
(3782, '1', 0),
(3783, '1', 0),
(3784, '1', 0),
(3785, '1', 0),
(3786, '1', 0),
(3787, '1', 0),
(3788, '1', 0),
(3789, '1', 0),
(3790, '1', 0),
(3791, '1', 0),
(3792, '1', 0),
(3793, '1', 0),
(3794, '1', 0),
(3795, '1', 0),
(3796, '1', 0),
(3797, '1', 0),
(3798, '1', 0),
(3799, '1', 0),
(3800, '1', 0),
(3801, '1', 0),
(3802, '1', 0),
(3803, '1', 0),
(3804, '1', 0),
(3805, '1', 0),
(3806, '1', 0),
(3807, '1', 0),
(3808, '1', 0),
(3809, '1', 0),
(3810, '1', 0),
(3811, '1', 0),
(3812, '1', 0),
(3813, '1', 0),
(3814, '1', 0),
(3815, '1', 0),
(3816, '1', 0),
(3817, '1', 0),
(3818, '1', 0),
(3819, '1', 0),
(3820, '1', 0),
(3821, '1', 0),
(3822, '1', 0),
(3823, '1', 0),
(3824, '1', 0),
(3825, '1', 0),
(3826, '1', 0),
(3827, '1', 0),
(3828, '1', 0),
(3829, '1', 0),
(3830, '1', 0),
(3831, '1', 0),
(3832, '1', 0),
(3833, '1', 0),
(3834, '1', 0),
(3835, '1', 0),
(3836, '1', 0),
(3837, '1', 0),
(3838, '1', 0),
(3839, '1', 0),
(3840, '1', 0),
(3841, '1', 0),
(3842, '1', 0),
(3843, '1', 0),
(3844, '1', 0),
(3845, '1', 0),
(3846, '1', 0),
(3847, '1', 0),
(3848, '1', 0),
(3849, '1', 0),
(3850, '1', 0),
(3851, '1', 0),
(3852, '1', 0),
(3853, '1', 0),
(3854, '1', 0),
(3855, '1', 0),
(3856, '1', 0),
(3857, '1', 0),
(3858, '1', 0),
(3859, '1', 0),
(3860, '1', 0),
(3861, '1', 0),
(3862, '1', 0),
(3863, '1', 0),
(3864, '1', 0),
(3865, '1', 0),
(3866, '1', 0),
(3867, '1', 0),
(3868, '1', 0),
(3869, '1', 0),
(3870, '1', 0),
(3871, '1', 0),
(3872, '1', 0),
(3873, '1', 0),
(3874, '1', 0),
(3875, '1', 0),
(3876, '1', 0),
(3877, '1', 0),
(3878, '1', 0),
(3879, '1', 0),
(3880, '1', 0),
(3881, '1', 0),
(3882, '1', 0),
(3883, '1', 0),
(3884, '1', 0),
(3885, '1', 0),
(3886, '1', 0),
(3887, '1', 0),
(3888, '1', 0),
(3889, '1', 0),
(3890, '1', 0),
(3891, '1', 0),
(3892, '1', 0),
(3893, '1', 0),
(3894, '1', 0),
(3895, '1', 0),
(3896, '1', 0),
(3897, '1', 0),
(3898, '1', 0),
(3899, '1', 0),
(3900, '1', 0),
(3901, '1', 0),
(3902, '1', 0),
(3903, '1', 0),
(3904, '1', 0),
(3905, '1', 0),
(3906, '1', 0),
(3907, '1', 0),
(3908, '1', 0),
(3909, '1', 0),
(3910, '1', 0),
(3911, '1', 0),
(3912, '1', 0),
(3913, '1', 0),
(3914, '1', 0),
(3915, '1', 0),
(3916, '1', 0),
(3917, '1', 0),
(3918, '1', 0),
(3919, '1', 0),
(3920, '1', 0),
(3921, '1', 0),
(3922, '1', 0),
(3923, '1', 0),
(3924, '1', 0),
(3925, '1', 0),
(3926, '1', 0),
(3927, '1', 0),
(3928, '1', 0),
(3929, '1', 0),
(3930, '1', 0),
(3931, '1', 0),
(3932, '1', 0),
(3933, '1', 0),
(3934, '1', 0),
(3935, '1', 0),
(3936, '1', 0),
(3937, '1', 0),
(3938, '1', 0),
(3939, '1', 0),
(3940, '1', 0),
(3941, '1', 0),
(3942, '1', 0),
(3943, '1', 0),
(3944, '1', 0),
(3945, '1', 0),
(3946, '1', 0),
(3947, '1', 0),
(3948, '1', 0),
(3949, '1', 0),
(3950, '1', 0),
(3951, '1', 0),
(3952, '1', 0),
(3953, '1', 0),
(3954, '1', 0),
(3955, '1', 0),
(3956, '1', 0),
(3957, '1', 0),
(3958, '1', 0),
(3959, '1', 0),
(3960, '1', 0),
(3961, '1', 0),
(3962, '1', 0),
(3963, '1', 0),
(3964, '1', 0),
(3965, '1', 0),
(3966, '1', 0),
(3967, '1', 0),
(3968, '1', 0),
(3969, '1', 0),
(3970, '1', 0),
(3971, '1', 0),
(3972, '1', 0),
(3973, '1', 0),
(3974, '1', 0),
(3975, '1', 0),
(3976, '1', 0),
(3977, '1', 0),
(3978, '1', 0),
(3979, '1', 0),
(3980, '1', 0),
(3981, '1', 0),
(3982, '1', 0),
(3983, '1', 0),
(3984, '1', 0),
(3985, '1', 0),
(3986, '1', 0),
(3987, '1', 0),
(3988, '1', 0),
(3989, '1', 0),
(3990, '1', 0),
(3991, '1', 0),
(3992, '1', 0),
(3993, '1', 0),
(3994, '1', 0),
(3995, '1', 0),
(3996, '1', 0),
(3997, '1', 0),
(3998, '1', 0),
(3999, '1', 0),
(4000, '1', 0),
(4001, '1', 0),
(4002, '1', 0),
(4003, '1', 0),
(4004, '1', 0),
(4005, '1', 0),
(4006, '1', 0),
(4007, '1', 0),
(4008, '1', 0),
(4009, '1', 0),
(4010, '1', 0),
(4011, '1', 0),
(4012, '1', 0),
(4013, '1', 0),
(4014, '1', 0),
(4015, '1', 0),
(4016, '1', 0),
(4017, '1', 0),
(4018, '1', 0),
(4019, '1', 0),
(4020, '1', 0),
(4021, '1', 0),
(4022, '1', 0),
(4023, '1', 0),
(4024, '1', 0),
(4025, '1', 0),
(4026, '1', 0),
(4027, '1', 0),
(4028, '1', 0),
(4029, '1', 0),
(4030, '1', 0),
(4031, '1', 0),
(4032, '1', 0),
(4033, '1', 0),
(4034, '1', 0),
(4035, '1', 0),
(4036, '1', 0),
(4037, '1', 0),
(4038, '1', 0),
(4039, '1', 0),
(4040, '1', 0),
(4041, '1', 0),
(4042, '1', 0),
(4043, '1', 0),
(4044, '1', 0),
(4045, '1', 0),
(4046, '1', 0),
(4047, '1', 0),
(4048, '1', 0),
(4049, '1', 0),
(4050, '1', 0),
(4051, '1', 0),
(4052, '1', 0),
(4053, '1', 0),
(4054, '1', 0),
(4055, '1', 0),
(4056, '1', 0),
(4057, '1', 0),
(4058, '1', 0),
(4059, '1', 0),
(4060, '1', 0),
(4061, '1', 0),
(4062, '1', 0),
(4063, '1', 0),
(4064, '1', 0),
(4065, '1', 0),
(4066, '1', 0),
(4067, '1', 0),
(4068, '1', 0),
(4069, '1', 0),
(4070, '1', 0),
(4071, '1', 0),
(4072, '1', 0),
(4073, '1', 0),
(4074, '1', 0),
(4075, '1', 0),
(4076, '1', 0),
(4077, '1', 0),
(4078, '1', 0),
(4079, '1', 0),
(4080, '1', 0),
(4081, '1', 0),
(4082, '1', 0),
(4083, '1', 0),
(4084, '1', 0),
(4085, '1', 0),
(4086, '1', 0),
(4087, '1', 0),
(4088, '1', 0),
(4089, '1', 0),
(4090, '1', 0),
(4091, '1', 0),
(4092, '1', 0),
(4093, '1', 0),
(4094, '1', 0),
(4095, '1', 0),
(4096, '1', 0),
(4097, '1', 0),
(4098, '1', 0),
(4099, '1', 0),
(4100, '1', 0),
(4101, '1', 0),
(4102, '1', 0),
(4103, '1', 0),
(4104, '1', 0),
(4105, '1', 0),
(4106, '1', 0),
(4107, '1', 0),
(4108, '1', 0),
(4109, '1', 0),
(4110, '1', 0),
(4111, '1', 0),
(4112, '1', 0),
(4113, '1', 0),
(4114, '1', 0),
(4115, '1', 0),
(4116, '1', 0),
(4117, '1', 0),
(4118, '1', 0),
(4119, '1', 0),
(4120, '1', 0),
(4121, '1', 0),
(4122, '1', 0),
(4123, '1', 0),
(4124, '1', 0),
(4125, '1', 0),
(4126, '1', 0),
(4127, '1', 0),
(4128, '1', 0),
(4129, '1', 0),
(4130, '1', 0),
(4131, '1', 0),
(4132, '1', 0),
(4133, '1', 0),
(4134, '1', 0),
(4135, '1', 0),
(4136, '1', 0),
(4137, '1', 0),
(4138, '1', 0),
(4139, '1', 0),
(4140, '1', 0),
(4141, '1', 0),
(4142, '1', 0),
(4143, '1', 0),
(4144, '1', 0),
(4145, '1', 0),
(4146, '1', 0),
(4147, '1', 0),
(4148, '1', 0),
(4149, '1', 0),
(4150, '1', 0),
(4151, '1', 0),
(4152, '1', 0),
(4153, '1', 0),
(4154, '1', 0),
(4155, '1', 0),
(4156, '1', 0),
(4157, '1', 0),
(4158, '1', 0),
(4159, '1', 0),
(4160, '1', 0),
(4161, '1', 0),
(4162, '1', 0),
(4163, '1', 0),
(4164, '1', 0),
(4165, '1', 0),
(4166, '1', 0),
(4167, '1', 0),
(4168, '1', 0),
(4169, '1', 0),
(4170, '1', 0),
(4171, '1', 0),
(4172, '1', 0),
(4173, '1', 0),
(4174, '1', 0),
(4175, '1', 0),
(4176, '1', 0),
(4177, '1', 0),
(4178, '1', 0),
(4179, '1', 0),
(4180, '1', 0),
(4181, '1', 0),
(4182, '1', 0),
(4183, '1', 0),
(4184, '1', 0),
(4185, '1', 0),
(4186, '1', 0),
(4187, '1', 0),
(4188, '1', 0),
(4189, '1', 0),
(4190, '1', 0),
(4191, '1', 0),
(4192, '1', 0),
(4193, '1', 0),
(4194, '1', 0),
(4195, '1', 0),
(4196, '1', 0),
(4197, '1', 0),
(4198, '1', 0),
(4199, '1', 0),
(4200, '1', 0),
(4201, '1', 0),
(4202, '1', 0),
(4203, '1', 0),
(4204, '1', 0),
(4205, '1', 0),
(4206, '1', 0),
(4207, '1', 0),
(4208, '1', 0),
(4209, '1', 0),
(4210, '1', 0),
(4211, '1', 0),
(4212, '1', 0),
(4213, '1', 0),
(4214, '1', 0),
(4215, '1', 0),
(4216, '1', 0),
(4217, '1', 0),
(4218, '1', 0),
(4219, '1', 0),
(4220, '1', 0),
(4221, '1', 0),
(4222, '1', 0),
(4223, '1', 0),
(4224, '1', 0),
(4225, '1', 0),
(4226, '1', 0),
(4227, '1', 0),
(4228, '1', 0),
(4229, '1', 0),
(4230, '1', 0),
(4231, '1', 0),
(4232, '1', 0),
(4233, '1', 0),
(4234, '1', 0),
(4235, '1', 0),
(4236, '1', 0),
(4237, '1', 0),
(4238, '1', 0),
(4239, '1', 0),
(4240, '1', 0),
(4241, '1', 0),
(4242, '1', 0),
(4243, '1', 0),
(4244, '1', 0),
(4245, '1', 0),
(4246, '1', 0),
(4247, '1', 0),
(4248, '1', 0),
(4249, '1', 0),
(4250, '1', 0),
(4251, '1', 0),
(4252, '1', 0),
(4253, '1', 0),
(4254, '1', 0),
(4255, '1', 0),
(4256, '1', 0),
(4257, '1', 0),
(4258, '1', 0),
(4259, '1', 0),
(4260, '1', 0),
(4261, '1', 0),
(4262, '1', 0),
(4263, '1', 0),
(4264, '1', 0),
(4265, '1', 0),
(4266, '1', 0),
(4267, '1', 0),
(4268, '1', 0),
(4269, '1', 0),
(4270, '1', 0),
(4271, '1', 0),
(4272, '1', 0),
(4273, '1', 0),
(4274, '1', 0),
(4275, '1', 0),
(4276, '1', 0),
(4277, '1', 0),
(4278, '1', 0),
(4279, '1', 0),
(4280, '1', 0),
(4281, '1', 0),
(4282, '1', 0),
(4283, '1', 0),
(4284, '1', 0),
(4285, '1', 0),
(4286, '1', 0),
(4287, '1', 0),
(4288, '1', 0),
(4289, '1', 0),
(4290, '1', 0),
(4291, '1', 0),
(4292, '1', 0),
(4293, '1', 0),
(4294, '1', 0),
(4295, '1', 0),
(4296, '1', 0),
(4297, '1', 0),
(4298, '1', 0),
(4299, '1', 0),
(4300, '1', 0),
(4301, '1', 0),
(4302, '1', 0),
(4303, '1', 0),
(4304, '1', 0),
(4305, '1', 0),
(4306, '1', 0),
(4307, '1', 0),
(4308, '1', 0),
(4309, '1', 0),
(4310, '1', 0),
(4311, '1', 0),
(4312, '1', 0),
(4313, '1', 0),
(4314, '1', 0),
(4315, '1', 0),
(4316, '1', 0),
(4317, '1', 0),
(4318, '1', 0),
(4319, '1', 0),
(4320, '1', 0),
(4321, '1', 0),
(4322, '1', 0),
(4323, '1', 0),
(4324, '1', 0),
(4325, '1', 0),
(4326, '1', 0),
(4327, '1', 0),
(4328, '1', 0),
(4329, '1', 0),
(4330, '1', 0),
(4331, '1', 0),
(4332, '1', 0),
(4333, '1', 0),
(4334, '1', 0),
(4335, '1', 0),
(4336, '1', 0),
(4337, '1', 0),
(4338, '1', 0),
(4339, '1', 0),
(4340, '1', 0),
(4341, '1', 0),
(4342, '1', 0),
(4343, '1', 0),
(4344, '1', 0),
(4345, '1', 0),
(4346, '1', 0),
(4347, '1', 0),
(4348, '1', 0),
(4349, '1', 0),
(4350, '1', 0),
(4351, '1', 0),
(4352, '1', 0),
(4353, '1', 0),
(4354, '1', 0),
(4355, '1', 0),
(4356, '1', 0),
(4357, '1', 0),
(4358, '1', 0),
(4359, '1', 0),
(4360, '1', 0),
(4361, '1', 0),
(4362, '1', 0),
(4363, '1', 0),
(4364, '1', 0),
(4365, '1', 0),
(4366, '1', 0),
(4367, '1', 0),
(4368, '1', 0),
(4369, '1', 0),
(4370, '1', 0),
(4371, '1', 0),
(4372, '1', 0),
(4373, '1', 0),
(4374, '1', 0),
(4375, '1', 0),
(4376, '1', 0),
(4377, '1', 0),
(4378, '1', 0),
(4379, '1', 0),
(4380, '1', 0),
(4381, '1', 0),
(4382, '1', 0),
(4383, '1', 0),
(4384, '1', 0),
(4385, '1', 0),
(4386, '1', 0),
(4387, '1', 0),
(4388, '1', 0),
(4389, '1', 0),
(4390, '1', 0),
(4391, '1', 0),
(4392, '1', 0),
(4393, '1', 0),
(4394, '1', 0),
(4395, '1', 0),
(4396, '1', 0),
(4397, '1', 0),
(4398, '1', 0),
(4399, '1', 0),
(4400, '1', 0),
(4401, '1', 0),
(4402, '1', 0),
(4403, '1', 0),
(4404, '1', 0),
(4405, '1', 0),
(4406, '1', 0),
(4407, '1', 0),
(4408, '1', 0),
(4409, '1', 0),
(4410, '1', 0),
(4411, '1', 0),
(4412, '1', 0),
(4413, '1', 0),
(4414, '1', 0),
(4415, '1', 0),
(4416, '1', 0),
(4417, '1', 0),
(4418, '1', 0),
(4419, '1', 0),
(4420, '1', 0),
(4421, '1', 0),
(4422, '1', 0),
(4423, '1', 0),
(4424, '1', 0),
(4425, '1', 0),
(4426, '1', 0),
(4427, '1', 0),
(4428, '1', 0),
(4429, '1', 0),
(4430, '1', 0),
(4431, '1', 0),
(4432, '1', 0),
(4433, '1', 0),
(4434, '1', 0),
(4435, '1', 0),
(4436, '1', 0),
(4437, '1', 0),
(4438, '1', 0),
(4439, '1', 0),
(4440, '1', 0),
(4441, '1', 0),
(4442, '1', 0),
(4443, '1', 0),
(4444, '1', 0),
(4445, '1', 0),
(4446, '1', 0),
(4447, '1', 0),
(4448, '1', 0),
(4449, '1', 0),
(4450, '1', 0),
(4451, '1', 0),
(4452, '1', 0),
(4453, '1', 0),
(4454, '1', 0),
(4455, '1', 0),
(4456, '1', 0),
(4457, '1', 0),
(4458, '1', 0),
(4459, '1', 0),
(4460, '1', 0),
(4461, '1', 0),
(4462, '1', 0),
(4463, '1', 0),
(4464, '1', 0),
(4465, '1', 0),
(4466, '1', 0),
(4467, '1', 0),
(4468, '1', 0),
(4469, '1', 0),
(4470, '1', 0),
(4471, '1', 0),
(4472, '1', 0),
(4473, '1', 0),
(4474, '1', 0),
(4475, '1', 0),
(4476, '1', 0),
(4477, '1', 0),
(4478, '1', 0),
(4479, '1', 0),
(4480, '1', 0),
(4481, '1', 0),
(4482, '1', 0),
(4483, '1', 0),
(4484, '1', 0),
(4485, '1', 0),
(4486, '1', 0),
(4487, '1', 0),
(4488, '1', 0),
(4489, '1', 0),
(4490, '1', 0),
(4491, '1', 0),
(4492, '1', 0),
(4493, '1', 0),
(4494, '1', 0),
(4495, '1', 0),
(4496, '1', 0),
(4497, '1', 0),
(4498, '1', 0),
(4499, '1', 0),
(4500, '1', 0),
(4501, '1', 0),
(4502, '1', 0),
(4503, '1', 0),
(4504, '1', 0),
(4505, '1', 0),
(4506, '1', 0),
(4507, '1', 0),
(4508, '1', 0),
(4509, '1', 0),
(4510, '1', 0),
(4511, '1', 0),
(4512, '1', 0),
(4513, '1', 0),
(4514, '1', 0),
(4515, '1', 0),
(4516, '1', 0),
(4517, '1', 0),
(4518, '1', 0),
(4519, '1', 0),
(4520, '1', 0),
(4521, '1', 0),
(4522, '1', 0),
(4523, '1', 0),
(4524, '1', 0),
(4525, '1', 0),
(4526, '1', 0),
(4527, '1', 0),
(4528, '1', 0),
(4529, '1', 0),
(4530, '1', 0),
(4531, '1', 0),
(4532, '1', 0),
(4533, '1', 0),
(4534, '1', 0),
(4535, '1', 0),
(4536, '1', 0),
(4537, '1', 0),
(4538, '1', 0),
(4539, '1', 0),
(4540, '1', 0),
(4541, '1', 0),
(4542, '1', 0),
(4543, '1', 0),
(4544, '1', 0),
(4545, '1', 0),
(4546, '1', 0),
(4547, '1', 0),
(4548, '1', 0),
(4549, '1', 0),
(4550, '1', 0),
(4551, '1', 0),
(4552, '1', 0),
(4553, '1', 0),
(4554, '1', 0),
(4555, '1', 0),
(4556, '1', 0),
(4557, '1', 0),
(4558, '1', 0),
(4559, '1', 0),
(4560, '1', 0),
(4561, '1', 0),
(4562, '1', 0),
(4563, '1', 0),
(4564, '1', 0),
(4565, '1', 0),
(4566, '1', 0),
(4567, '1', 0),
(4568, '1', 0),
(4569, '1', 0),
(4570, '1', 0),
(4571, '1', 0),
(4572, '1', 0),
(4573, '1', 0),
(4574, '1', 0),
(4575, '1', 0),
(4576, '1', 0),
(4577, '1', 0),
(4578, '1', 0),
(4579, '1', 0),
(4580, '1', 0),
(4581, '1', 0),
(4582, '1', 0),
(4583, '1', 0),
(4584, '1', 0),
(4585, '1', 0),
(4586, '1', 0),
(4587, '1', 0),
(4588, '1', 0),
(4589, '1', 0),
(4590, '1', 0),
(4591, '1', 0),
(4592, '1', 0),
(4593, '1', 0),
(4594, '1', 0),
(4595, '1', 0),
(4596, '1', 0),
(4597, '1', 0),
(4598, '1', 0),
(4599, '1', 0),
(4600, '1', 0),
(4601, '1', 0),
(4602, '1', 0),
(4603, '1', 0),
(4604, '1', 0),
(4605, '1', 0),
(4606, '1', 0),
(4607, '1', 0),
(4608, '1', 0),
(4609, '1', 0),
(4610, '1', 0),
(4611, '1', 0),
(4612, '1', 0),
(4613, '1', 0),
(4614, '1', 0),
(4615, '1', 0),
(4616, '1', 0),
(4617, '1', 0),
(4618, '1', 0),
(4619, '1', 0),
(4620, '1', 0),
(4621, '1', 0),
(4622, '1', 0),
(4623, '1', 0),
(4624, '1', 0),
(4625, '1', 0),
(4626, '1', 0),
(4627, '1', 0),
(4628, '1', 0),
(4629, '1', 0),
(4630, '1', 0),
(4631, '1', 0),
(4632, '1', 0),
(4633, '1', 0),
(4634, '1', 0),
(4635, '1', 0),
(4636, '1', 0),
(4637, '1', 0),
(4638, '1', 0),
(4639, '1', 0),
(4640, '1', 0),
(4641, '1', 0),
(4642, '1', 0),
(4643, '1', 0),
(4644, '1', 0),
(4645, '1', 0),
(4646, '1', 0),
(4647, '1', 0),
(4648, '1', 0),
(4649, '1', 0),
(4650, '1', 0),
(4651, '1', 0),
(4652, '1', 0),
(4653, '1', 0),
(4654, '1', 0),
(4655, '1', 0),
(4656, '1', 0),
(4657, '1', 0),
(4658, '1', 0),
(4659, '1', 0),
(4660, '1', 0),
(4661, '1', 0),
(4662, '1', 0),
(4663, '1', 0),
(4664, '1', 0),
(4665, '1', 0),
(4666, '1', 0),
(4667, '1', 0),
(4668, '1', 0),
(4669, '1', 0),
(4670, '1', 0),
(4671, '1', 0),
(4672, '1', 0),
(4673, '1', 0),
(4674, '1', 0),
(4675, '1', 0),
(4676, '1', 0),
(4677, '1', 0),
(4678, '1', 0),
(4679, '1', 0),
(4680, '1', 0),
(4681, '1', 0),
(4682, '1', 0),
(4683, '1', 0),
(4684, '1', 0),
(4685, '1', 0),
(4686, '1', 0),
(4687, '1', 0),
(4688, '1', 0),
(4689, '1', 0),
(4690, '1', 0),
(4691, '1', 0),
(4692, '1', 0),
(4693, '1', 0),
(4694, '1', 0),
(4695, '1', 0),
(4696, '1', 0),
(4697, '1', 0),
(4698, '1', 0),
(4699, '1', 0),
(4700, '1', 0),
(4701, '1', 0),
(4702, '1', 0),
(4703, '1', 0),
(4704, '1', 0),
(4705, '1', 0),
(4706, '1', 0),
(4707, '1', 0),
(4708, '1', 0),
(4709, '1', 0),
(4710, '1', 0),
(4711, '1', 0),
(4712, '1', 0),
(4713, '1', 0),
(4714, '1', 0),
(4715, '1', 0),
(4716, '1', 0),
(4717, '1', 0),
(4718, '1', 0),
(4719, '1', 0),
(4720, '1', 0),
(4721, '1', 0),
(4722, '1', 0),
(4723, '1', 0),
(4724, '1', 0),
(4725, '1', 0),
(4726, '1', 0),
(4727, '1', 0),
(4728, '1', 0),
(4729, '1', 0),
(4730, '1', 0),
(4731, '1', 0),
(4732, '1', 0),
(4733, '1', 0),
(4734, '1', 0),
(4735, '1', 0),
(4736, '1', 0),
(4737, '1', 0),
(4738, '1', 0),
(4739, '1', 0),
(4740, '1', 0),
(4741, '1', 0),
(4742, '1', 0),
(4743, '1', 0),
(4744, '1', 0),
(4745, '1', 0),
(4746, '1', 0),
(4747, '1', 0),
(4748, '1', 0),
(4749, '1', 0),
(4750, '1', 0),
(4751, '1', 0),
(4752, '1', 0),
(4753, '1', 0),
(4754, '1', 0),
(4755, '1', 0),
(4756, '1', 0),
(4757, '1', 0),
(4758, '1', 0),
(4759, '1', 0),
(4760, '1', 0),
(4761, '1', 0),
(4762, '1', 0),
(4763, '1', 0),
(4764, '1', 0),
(4765, '1', 0),
(4766, '1', 0),
(4767, '1', 0),
(4768, '1', 0),
(4769, '1', 0),
(4770, '1', 0),
(4771, '1', 0),
(4772, '1', 0),
(4773, '1', 0),
(4774, '1', 0),
(4775, '1', 0),
(4776, '1', 0),
(4777, '1', 0),
(4778, '1', 0),
(4779, '1', 0),
(4780, '1', 0),
(4781, '1', 0),
(4782, '1', 0),
(4783, '1', 0),
(4784, '1', 0),
(4785, '1', 0),
(4786, '1', 0),
(4787, '1', 0),
(4788, '1', 0),
(4789, '1', 0),
(4790, '1', 0),
(4791, '1', 0),
(4792, '1', 0),
(4793, '1', 0),
(4794, '1', 0),
(4795, '1', 0),
(4796, '1', 0),
(4797, '1', 0),
(4798, '1', 0),
(4799, '1', 0),
(4800, '1', 0),
(4801, '1', 0),
(4802, '1', 0),
(4803, '1', 0),
(4804, '1', 0),
(4805, '1', 0),
(4806, '1', 0),
(4807, '1', 0),
(4808, '1', 0),
(4809, '1', 0),
(4810, '1', 0),
(4811, '1', 0),
(4812, '1', 0),
(4813, '1', 0),
(4814, '1', 0),
(4815, '1', 0),
(4816, '1', 0),
(4817, '1', 0),
(4818, '1', 0),
(4819, '1', 0),
(4820, '1', 0),
(4821, '1', 0),
(4822, '1', 0),
(4823, '1', 0),
(4824, '1', 0),
(4825, '1', 0),
(4826, '1', 0),
(4827, '1', 0),
(4828, '1', 0),
(4829, '1', 0),
(4830, '1', 0),
(4831, '1', 0),
(4832, '1', 0),
(4833, '1', 0),
(4834, '1', 0),
(4835, '1', 0),
(4836, '1', 0),
(4837, '1', 0),
(4838, '1', 0),
(4839, '1', 0),
(4840, '1', 0),
(4841, '1', 0),
(4842, '1', 0),
(4843, '1', 0),
(4844, '1', 0),
(4845, '1', 0),
(4846, '1', 0),
(4847, '1', 0),
(4848, '1', 0),
(4849, '1', 0),
(4850, '1', 0),
(4851, '1', 0),
(4852, '1', 0),
(4853, '1', 0),
(4854, '1', 0),
(4855, '1', 0),
(4856, '1', 0),
(4857, '1', 0),
(4858, '1', 0),
(4859, '1', 0),
(4860, '1', 0),
(4861, '1', 0),
(4862, '1', 0),
(4863, '1', 0),
(4864, '1', 0),
(4865, '1', 0),
(4866, '1', 0),
(4867, '1', 0),
(4868, '1', 0),
(4869, '1', 0),
(4870, '1', 0),
(4871, '1', 0),
(4872, '1', 0),
(4873, '1', 0),
(4874, '1', 0),
(4875, '1', 0),
(4876, '1', 0),
(4877, '1', 0),
(4878, '1', 0),
(4879, '1', 0),
(4880, '1', 0),
(4881, '1', 0),
(4882, '1', 0),
(4883, '1', 0),
(4884, '1', 0),
(4885, '1', 0),
(4886, '1', 0),
(4887, '1', 0),
(4888, '1', 0),
(4889, '1', 0),
(4890, '1', 0),
(4891, '1', 0),
(4892, '1', 0),
(4893, '1', 0),
(4894, '1', 0),
(4895, '1', 0),
(4896, '1', 0),
(4897, '1', 0),
(4898, '1', 0),
(4899, '1', 0),
(4900, '1', 0),
(4901, '1', 0),
(4902, '1', 0),
(4903, '1', 0),
(4904, '1', 0),
(4905, '1', 0),
(4906, '1', 0),
(4907, '1', 0),
(4908, '1', 0),
(4909, '1', 0),
(4910, '1', 0),
(4911, '1', 0),
(4912, '1', 0),
(4913, '1', 0),
(4914, '1', 0),
(4915, '1', 0),
(4916, '1', 0),
(4917, '1', 0),
(4918, '1', 0),
(4919, '1', 0),
(4920, '1', 0),
(4921, '1', 0),
(4922, '1', 0),
(4923, '1', 0),
(4924, '1', 0),
(4925, '1', 0),
(4926, '1', 0),
(4927, '1', 0),
(4928, '1', 0),
(4929, '1', 0),
(4930, '1', 0),
(4931, '1', 0),
(4932, '1', 0),
(4933, '1', 0),
(4934, '1', 0),
(4935, '1', 0),
(4936, '1', 0),
(4937, '1', 0),
(4938, '1', 0),
(4939, '1', 0),
(4940, '1', 0),
(4941, '1', 0),
(4942, '1', 0),
(4943, '1', 0),
(4944, '1', 0),
(4945, '1', 0),
(4946, '1', 0),
(4947, '1', 0),
(4948, '1', 0),
(4949, '1', 0),
(4950, '1', 0),
(4951, '1', 0),
(4952, '1', 0),
(4953, '1', 0),
(4954, '1', 0),
(4955, '1', 0),
(4956, '1', 0),
(4957, '1', 0),
(4958, '1', 0),
(4959, '1', 0),
(4960, '1', 0),
(4961, '1', 0),
(4962, '1', 0),
(4963, '1', 0),
(4964, '1', 0),
(4965, '1', 0),
(4966, '1', 0),
(4967, '1', 0),
(4968, '1', 0),
(4969, '1', 0),
(4970, '1', 0),
(4971, '1', 0),
(4972, '1', 0),
(4973, '1', 0),
(4974, '1', 0),
(4975, '1', 0),
(4976, '1', 0),
(4977, '1', 0),
(4978, '1', 0),
(4979, '1', 0),
(4980, '1', 0),
(4981, '1', 0),
(4982, '1', 0),
(4983, '1', 0),
(4984, '1', 0),
(4985, '1', 0),
(4986, '1', 0),
(4987, '1', 0),
(4988, '1', 0),
(4989, '1', 0),
(4990, '1', 0),
(4991, '1', 0),
(4992, '1', 0),
(4993, '1', 0),
(4994, '1', 0),
(4995, '1', 0),
(4996, '1', 0),
(4997, '1', 0),
(4998, '1', 0),
(4999, '1', 0),
(5000, '1', 0);

-- --------------------------------------------------------

--
-- 資料表結構 `cpg15x_albumsold`
--

CREATE TABLE IF NOT EXISTS `cpg15x_albumsold` (
  `aid` int(11) NOT NULL AUTO_INCREMENT,
  `title` varchar(255) COLLATE utf8_unicode_ci NOT NULL DEFAULT '',
  `description` text COLLATE utf8_unicode_ci NOT NULL,
  `visibility` int(11) NOT NULL DEFAULT '0',
  `uploads` enum('YES','NO') COLLATE utf8_unicode_ci NOT NULL DEFAULT 'NO',
  `comments` enum('YES','NO') COLLATE utf8_unicode_ci NOT NULL DEFAULT 'YES',
  `votes` enum('YES','NO') COLLATE utf8_unicode_ci NOT NULL DEFAULT 'YES',
  `pos` int(11) NOT NULL DEFAULT '0',
  `category` int(11) NOT NULL DEFAULT '0',
  `owner` int(11) NOT NULL DEFAULT '1',
  `thumb` int(11) NOT NULL DEFAULT '0',
  `keyword` varchar(50) COLLATE utf8_unicode_ci DEFAULT NULL,
  `alb_password` varchar(32) COLLATE utf8_unicode_ci DEFAULT NULL,
  `alb_password_hint` text COLLATE utf8_unicode_ci,
  `moderator_group` int(11) NOT NULL DEFAULT '0',
  `alb_hits` int(10) NOT NULL DEFAULT '0',
  PRIMARY KEY (`aid`),
  KEY `alb_category` (`category`),
  KEY `moderator_group` (`moderator_group`),
  KEY `visibility` (`visibility`)
) ENGINE=MyISAM  DEFAULT CHARSET=utf8 COLLATE=utf8_unicode_ci COMMENT='Used to store albums' AUTO_INCREMENT=2 ;

--
-- 資料表的匯出資料 `cpg15x_albumsold`
--

INSERT INTO `cpg15x_albumsold` (`aid`, `title`, `description`, `visibility`, `uploads`, `comments`, `votes`, `pos`, `category`, `owner`, `thumb`, `keyword`, `alb_password`, `alb_password_hint`, `moderator_group`, `alb_hits`) VALUES
(1, 'å°åŒ…çš„ç›¸ç°¿', '', 0, 'NO', 'YES', 'YES', 100, 10001, 1, 0, NULL, NULL, NULL, 0, 0);

-- --------------------------------------------------------

--
-- 資料表結構 `cpg15x_banned`
--

CREATE TABLE IF NOT EXISTS `cpg15x_banned` (
  `ban_id` int(11) NOT NULL AUTO_INCREMENT,
  `user_id` int(11) DEFAULT NULL,
  `user_name` varchar(255) COLLATE utf8_unicode_ci NOT NULL DEFAULT '',
  `email` varchar(255) COLLATE utf8_unicode_ci NOT NULL DEFAULT '',
  `ip_addr` tinytext COLLATE utf8_unicode_ci,
  `expiry` datetime DEFAULT NULL,
  `brute_force` tinyint(5) NOT NULL DEFAULT '0',
  PRIMARY KEY (`ban_id`)
) ENGINE=MyISAM DEFAULT CHARSET=utf8 COLLATE=utf8_unicode_ci COMMENT='Data about banned users' AUTO_INCREMENT=1 ;

-- --------------------------------------------------------

--
-- 資料表結構 `cpg15x_bridge`
--

CREATE TABLE IF NOT EXISTS `cpg15x_bridge` (
  `name` varchar(40) COLLATE utf8_unicode_ci NOT NULL DEFAULT '0',
  `value` varchar(255) COLLATE utf8_unicode_ci NOT NULL DEFAULT '',
  UNIQUE KEY `name` (`name`)
) ENGINE=MyISAM DEFAULT CHARSET=utf8 COLLATE=utf8_unicode_ci COMMENT='Stores the bridging data, not used when unbridged';

--
-- 資料表的匯出資料 `cpg15x_bridge`
--

INSERT INTO `cpg15x_bridge` (`name`, `value`) VALUES
('short_name', ''),
('full_forum_url', ''),
('relative_path_to_config_file', ''),
('use_post_based_groups', ''),
('cookie_prefix', ''),
('recovery_logon_failures', '0'),
('recovery_logon_timestamp', '');

-- --------------------------------------------------------

--
-- 資料表結構 `cpg15x_categories`
--

CREATE TABLE IF NOT EXISTS `cpg15x_categories` (
  `cid` int(11) NOT NULL AUTO_INCREMENT,
  `owner_id` int(11) NOT NULL DEFAULT '0',
  `name` varchar(255) COLLATE utf8_unicode_ci NOT NULL DEFAULT '',
  `description` text COLLATE utf8_unicode_ci NOT NULL,
  `pos` int(11) NOT NULL DEFAULT '0',
  `parent` int(11) NOT NULL DEFAULT '0',
  `thumb` int(11) NOT NULL DEFAULT '0',
  `lft` mediumint(8) unsigned NOT NULL DEFAULT '0',
  `rgt` mediumint(8) unsigned NOT NULL DEFAULT '0',
  `depth` tinyint(3) unsigned NOT NULL DEFAULT '0',
  PRIMARY KEY (`cid`),
  KEY `cat_parent` (`parent`),
  KEY `cat_pos` (`pos`),
  KEY `cat_owner_id` (`owner_id`),
  KEY `depth_cid` (`depth`,`cid`),
  KEY `lft_depth` (`lft`,`depth`)
) ENGINE=MyISAM  DEFAULT CHARSET=utf8 COLLATE=utf8_unicode_ci COMMENT='Used to store categories' AUTO_INCREMENT=2 ;

--
-- 資料表的匯出資料 `cpg15x_categories`
--

INSERT INTO `cpg15x_categories` (`cid`, `owner_id`, `name`, `description`, `pos`, `parent`, `thumb`, `lft`, `rgt`, `depth`) VALUES
(1, 0, 'User galleries', 'This category contains albums that belong to Coppermine users.', 0, 0, 0, 1, 2, 1);

-- --------------------------------------------------------

--
-- 資料表結構 `cpg15x_categorymap`
--

CREATE TABLE IF NOT EXISTS `cpg15x_categorymap` (
  `cid` int(11) NOT NULL,
  `group_id` int(11) NOT NULL,
  PRIMARY KEY (`cid`,`group_id`)
) ENGINE=MyISAM DEFAULT CHARSET=utf8 COLLATE=utf8_unicode_ci COMMENT='Holds the categories where groups can create albums';

-- --------------------------------------------------------

--
-- 資料表結構 `cpg15x_comments`
--

CREATE TABLE IF NOT EXISTS `cpg15x_comments` (
  `pid` mediumint(10) NOT NULL DEFAULT '0',
  `msg_id` mediumint(10) NOT NULL AUTO_INCREMENT,
  `msg_author` varchar(25) COLLATE utf8_unicode_ci NOT NULL DEFAULT '',
  `msg_body` text COLLATE utf8_unicode_ci NOT NULL,
  `msg_date` datetime NOT NULL DEFAULT '0000-00-00 00:00:00',
  `msg_raw_ip` tinytext COLLATE utf8_unicode_ci,
  `msg_hdr_ip` tinytext COLLATE utf8_unicode_ci,
  `author_md5_id` varchar(32) COLLATE utf8_unicode_ci NOT NULL DEFAULT '',
  `author_id` int(11) NOT NULL DEFAULT '0',
  `approval` enum('YES','NO') COLLATE utf8_unicode_ci NOT NULL DEFAULT 'YES',
  `spam` enum('YES','NO') COLLATE utf8_unicode_ci NOT NULL DEFAULT 'NO',
  PRIMARY KEY (`msg_id`),
  KEY `com_pic_id` (`pid`),
  KEY `author_id` (`author_id`)
) ENGINE=MyISAM DEFAULT CHARSET=utf8 COLLATE=utf8_unicode_ci COMMENT='Used to store comments made on pics' AUTO_INCREMENT=1 ;

-- --------------------------------------------------------

--
-- 資料表結構 `cpg15x_config`
--

CREATE TABLE IF NOT EXISTS `cpg15x_config` (
  `name` varchar(40) COLLATE utf8_unicode_ci NOT NULL DEFAULT '',
  `value` varchar(255) COLLATE utf8_unicode_ci NOT NULL DEFAULT '',
  PRIMARY KEY (`name`)
) ENGINE=MyISAM DEFAULT CHARSET=utf8 COLLATE=utf8_unicode_ci COMMENT='Used to store the configuration options';

--
-- 資料表的匯出資料 `cpg15x_config`
--

INSERT INTO `cpg15x_config` (`name`, `value`) VALUES
('admin_activation', '0'),
('alb_desc_thumb', '1'),
('alb_list_thumb_size', '50'),
('album_list_cols', '2'),
('albums_per_page', '12'),
('allow_duplicate_emails_addr', '0'),
('allow_guests_enter_file_details', '0'),
('allowed_doc_types', 'doc/txt/rtf/pdf/xls/pps/ppt/zip/gz/mdb'),
('allowed_img_types', 'jpeg/jpg/png/gif'),
('allowed_mov_types', 'asf/asx/mpg/mpeg/wmv/swf/avi/mov'),
('allowed_snd_types', 'mp3/midi/mid/wma/wav/ogg'),
('allow_email_change', '0'),
('allow_memberlist', '0'),
('allow_private_albums', '1'),
('allow_unlogged_access', '3'),
('allow_user_account_delete', '0'),
('allow_user_album_keyword', '0'),
('allow_user_edit_after_cat_close', '0'),
('allow_user_move_album', '0'),
('allow_user_registration', '0'),
('allow_user_upload_choice', '1'),
('auto_resize', '1'),
('batch_proc_limit', '2'),
('bridge_enable', '0'),
('browse_batch_add', '1'),
('browse_by_date', '0'),
('caption_in_thumbview', '1'),
('categories_alpha_sort', '0'),
('charset', 'utf-8'),
('clickable_keyword_search', '1'),
('comment_akismet_api_key', ''),
('comment_akismet_counter', '0'),
('comment_akismet_enable', '0'),
('comment_akismet_group', '0'),
('comment_approval', '0'),
('comment_captcha', '1'),
('comment_placeholder', '1'),
('comment_promote_registration', '0'),
('comments_anon_pfx', 'Guest_'),
('comments_per_page', '20'),
('comments_sort_descending', '0'),
('comment_user_edit', '1'),
('contact_form_guest_email_field', '2'),
('contact_form_guest_enable', '0'),
('contact_form_guest_name_field', '2'),
('contact_form_registered_enable', '1'),
('contact_form_sender_email', '1'),
('contact_form_subject_content', 'Coppermine gallery contact form'),
('contact_form_subject_field', '0'),
('cookie_name', 'cpg15x'),
('cookie_path', '/'),
('count_admin_hits', '0'),
('count_album_hits', '1'),
('count_file_hits', '1'),
('custom_footer_path', ''),
('custom_header_path', ''),
('custom_lnk_name', ''),
('custom_lnk_url', ''),
('debug_mode', '0'),
('debug_notice', '0'),
('default_dir_mode', '0755'),
('default_file_mode', '0644'),
('default_sort_order', 'na'),
('disable_comment_flood_protect', '0'),
('display_comment_approval_only', '0'),
('display_comment_count', '0'),
('display_coppermine_news', '1'),
('display_filename', '0'),
('display_film_strip', '1'),
('display_pic_info', '0'),
('display_redirection_page', '0'),
('display_reset_boxes_in_config', '0'),
('display_sidebar_guest', '1'),
('display_sidebar_user', '1'),
('display_stats_on_index', '1'),
('display_thumbnail_rating', '0'),
('display_thumbs_batch_add', '1'),
('display_uploader', '0'),
('display_xp_publish_link', '0'),
('ecard_flash', '0'),
('ecards_more_pic_target', 'http://www.littlebau.com/sample/admin/cpg15x/'),
('email_comment_notification', '0'),
('enable_encrypted_passwords', '1'),
('enable_help', '1'),
('enable_menu_icons', '2'),
('enable_plugins', '1'),
('enable_smilies', '1'),
('enable_thumb_watermark', '1'),
('enable_unsharp', '0'),
('enable_watermark', '0'),
('enable_zipdownload', '0'),
('filter_bad_words', '0'),
('first_level', '1'),
('forbiden_fname_char', '$/\\\\:*?&quot;&#039;&lt;&gt;|` &amp;#@'),
('fullpath', '../../upload/'),
('fullsize_padding_x', '5'),
('fullsize_padding_y', '3'),
('gallery_admin_email', 'bau720123@gmail.com'),
('gallery_description', 'Your gallery description here'),
('gallery_name', 'Your gallery name here'),
('global_registration_pw', ''),
('guest_token_cleanup', '1338889444'),
('hit_details', '0'),
('home_target', 'index.php'),
('im_options', '-antialias'),
('impath', '/usr/bin/'),
('jpeg_qual', '80'),
('keep_votes_time', '30'),
('keyword_separator', ';'),
('lang', 'chinese_gb'),
('language_autodetect', '1'),
('link_pic_count', '1'),
('log_ecards', '0'),
('login_expiry', '10'),
('login_method', 'username'),
('login_threshold', '5'),
('log_mode', '0'),
('main_page_layout', 'breadcrumb/catlist/alblist/random,2/lastup,2'),
('main_table_width', '100%'),
('make_intermediate', '0'),
('max_com_lines', '10'),
('max_com_size', '512'),
('max_com_wlength', '38'),
('max_film_strip_items', '5'),
('max_img_desc_length', '512'),
('max_tabs', '12'),
('max_upl_size', '1024'),
('max_upl_width_height', '2048'),
('media_autostart', '1'),
('min_votes_for_rating', '1'),
('normal_pfx', 'normal_'),
('offline', '0'),
('old_style_rating', '0'),
('orig_pfx', 'orig_'),
('performance_page_generation_time', '0'),
('performance_page_query_count', '0'),
('performance_page_query_time', '0'),
('performance_timestamp', '0'),
('personal_album_on_registration', '0'),
('picinfo_movie_download_link', '1'),
('picture_table_width', '100%'),
('picture_use', 'thumb'),
('picture_width', '400'),
('purge_expired_bans', '1'),
('rate_own_files', '0'),
('rating_stars_amount', '5'),
('read_exif_data', '0'),
('read_iptc_data', '0'),
('reduce_watermark', '7'),
('registration_captcha', '0'),
('reg_notify_admin_email', '0'),
('reg_requires_valid_email', '1'),
('report_post', '0'),
('session_cleanup', '1377157383'),
('show_bbcode_help', '1'),
('show_private', '0'),
('show_which_exif', '|0|0|0|0|0|0|0|0|1|0|1|1|0|0|0|0|0|0|0|0|0|0|0|1|0|0|0|1|0|0|0|1|1|0|0|0|0|1|0|0|0|1|0|0|1|1|0|0|0|0|0|1|0|1|1'),
('silly_safe_mode', '0'),
('site_token', 'f8be921db429a5e3f9bcb3b3e34c58af'),
('form_token_lifetime', '900'),
('slideshow_hits', '1'),
('slideshow_interval', '5000'),
('smtp_host', ''),
('smtp_password', ''),
('smtp_username', ''),
('subcat_level', '2'),
('tabs_dropdown', '1'),
('theme', 'curve'),
('enable_encrypted_alb_passwords', '1'),
('thumbcols', '4'),
('thumb_height', '150'),
('thumb_method', 'gd2'),
('thumbnail_to_fullsize', '0'),
('thumb_pfx', 'thumb_'),
('thumbrows', '3'),
('thumb_use', 'any'),
('thumb_width', '150'),
('time_offset', '0'),
('transparent_overlay', '0'),
('unsharp_amount', '120'),
('unsharp_radius', '0.5'),
('unsharp_threshold', '3'),
('upl_notify_admin_email', '0'),
('upload_mechanism', 'swfupload'),
('user_field1_name', ''),
('user_field2_name', ''),
('user_field3_name', ''),
('user_field4_name', ''),
('userpics', ''),
('user_profile1_name', 'Location'),
('user_profile2_name', 'Interests'),
('user_profile3_name', 'Website'),
('user_profile4_name', 'Occupation'),
('user_profile5_name', ''),
('user_profile6_name', 'Biography'),
('user_registration_disclaimer', '1'),
('users_can_edit_pics', '0'),
('views_in_thumbview', '1'),
('vote_details', '0'),
('watermark_file', 'images/watermark.png'),
('watermark_transparency', '40'),
('watermark_transparency_featherx', '0'),
('watermark_transparency_feathery', '0'),
('where_put_watermark', 'southeast'),
('which_files_to_watermark', 'both');

-- --------------------------------------------------------

--
-- 資料表結構 `cpg15x_dict`
--

CREATE TABLE IF NOT EXISTS `cpg15x_dict` (
  `keyId` bigint(20) NOT NULL AUTO_INCREMENT,
  `keyword` varchar(60) COLLATE utf8_unicode_ci NOT NULL,
  PRIMARY KEY (`keyId`),
  UNIQUE KEY `keyword` (`keyword`)
) ENGINE=MyISAM DEFAULT CHARSET=utf8 COLLATE=utf8_unicode_ci COMMENT='Holds the keyword dictionary' AUTO_INCREMENT=1 ;

-- --------------------------------------------------------

--
-- 資料表結構 `cpg15x_ecards`
--

CREATE TABLE IF NOT EXISTS `cpg15x_ecards` (
  `eid` int(11) NOT NULL AUTO_INCREMENT,
  `sender_name` varchar(50) COLLATE utf8_unicode_ci NOT NULL DEFAULT '',
  `sender_email` text COLLATE utf8_unicode_ci NOT NULL,
  `recipient_name` varchar(50) COLLATE utf8_unicode_ci NOT NULL DEFAULT '',
  `recipient_email` text COLLATE utf8_unicode_ci NOT NULL,
  `link` text COLLATE utf8_unicode_ci NOT NULL,
  `date` tinytext COLLATE utf8_unicode_ci NOT NULL,
  `sender_ip` tinytext COLLATE utf8_unicode_ci NOT NULL,
  PRIMARY KEY (`eid`)
) ENGINE=MyISAM DEFAULT CHARSET=utf8 COLLATE=utf8_unicode_ci COMMENT='Used to log ecards' AUTO_INCREMENT=1 ;

-- --------------------------------------------------------

--
-- 資料表結構 `cpg15x_exif`
--

CREATE TABLE IF NOT EXISTS `cpg15x_exif` (
  `pid` int(11) NOT NULL,
  `exifData` text COLLATE utf8_unicode_ci NOT NULL,
  PRIMARY KEY (`pid`)
) ENGINE=MyISAM DEFAULT CHARSET=utf8 COLLATE=utf8_unicode_ci COMMENT='Stores EXIF data from individual pics';

-- --------------------------------------------------------

--
-- 資料表結構 `cpg15x_favpics`
--

CREATE TABLE IF NOT EXISTS `cpg15x_favpics` (
  `user_id` int(11) NOT NULL,
  `user_favpics` text COLLATE utf8_unicode_ci NOT NULL,
  PRIMARY KEY (`user_id`)
) ENGINE=MyISAM DEFAULT CHARSET=utf8 COLLATE=utf8_unicode_ci COMMENT='Stores the server side favourites';

-- --------------------------------------------------------

--
-- 資料表結構 `cpg15x_filetypes`
--

CREATE TABLE IF NOT EXISTS `cpg15x_filetypes` (
  `extension` char(7) COLLATE utf8_unicode_ci NOT NULL DEFAULT '',
  `mime` char(254) COLLATE utf8_unicode_ci DEFAULT NULL,
  `content` char(15) COLLATE utf8_unicode_ci DEFAULT NULL,
  `player` varchar(5) COLLATE utf8_unicode_ci DEFAULT NULL,
  PRIMARY KEY (`extension`)
) ENGINE=MyISAM DEFAULT CHARSET=utf8 COLLATE=utf8_unicode_ci COMMENT='Used to store the file extensions';

--
-- 資料表的匯出資料 `cpg15x_filetypes`
--

INSERT INTO `cpg15x_filetypes` (`extension`, `mime`, `content`, `player`) VALUES
('jpg', 'image/jpg', 'image', ''),
('jpeg', 'image/jpeg', 'image', ''),
('jpe', 'image/jpe', 'image', ''),
('gif', 'image/gif', 'image', ''),
('png', 'image/png', 'image', ''),
('bmp', 'image/bmp', 'image', ''),
('jpc', 'image/jpc', 'image', ''),
('jp2', 'image/jp2', 'image', ''),
('jpx', 'image/jpx', 'image', ''),
('jb2', 'image/jb2', 'image', ''),
('swc', 'image/swc', 'image', ''),
('iff', 'image/iff', 'image', ''),
('psd', 'image/psd', 'image', ''),
('asf', 'video/x-ms-asf', 'movie', 'WMP'),
('asx', 'video/x-ms-asx', 'movie', 'WMP'),
('mpg', 'video/mpeg', 'movie', 'WMP'),
('mpeg', 'video/mpeg', 'movie', 'WMP'),
('wmv', 'video/x-ms-wmv', 'movie', 'WMP'),
('swf', 'application/x-shockwave-flash', 'movie', 'SWF'),
('avi', 'video/avi', 'movie', 'WMP'),
('mov', 'video/quicktime', 'movie', 'QT'),
('mp3', 'audio/mpeg3', 'audio', 'WMP'),
('midi', 'audio/midi', 'audio', 'WMP'),
('mid', 'audio/midi', 'audio', 'WMP'),
('wma', 'audio/x-ms-wma', 'audio', 'WMP'),
('wav', 'audio/wav', 'audio', 'WMP'),
('ogg', 'audio/ogg', 'audio', 'HTMLA'),
('oga', 'audio/ogg', 'audio', 'HTMLA'),
('ogv', 'video/ogg', 'movie', 'HTMLV'),
('ram', 'audio/x-pn-realaudio', 'document', 'RMP'),
('ra', 'audio/x-realaudio', 'document', 'RMP'),
('rm', 'audio/x-realmedia', 'document', 'RMP'),
('tiff', 'image/tiff', 'document', ''),
('tif', 'image/tif', 'document', ''),
('doc', 'application/msword', 'document', ''),
('xls', 'application/excel', 'document', ''),
('pps', 'application/powerpoint', 'document', ''),
('ppt', 'application/powerpoint', 'document', ''),
('mdb', 'application/msaccess', 'document', ''),
('txt', 'text/plain', 'document', ''),
('rtf', 'text/richtext', 'document', ''),
('pdf', 'application/pdf', 'document', ''),
('zip', 'application/zip', 'document', ''),
('rar', 'application/rar', 'document', ''),
('gz', 'application/gz', 'document', ''),
('001', 'application/001', 'document', ''),
('7z', 'application/7z', 'document', ''),
('arj', 'application/arj', 'document', ''),
('bz2', 'application/bz2', 'document', ''),
('cab', 'application/cab', 'document', ''),
('lzh', 'application/lzh', 'document', ''),
('rpm', 'application/rpm', 'document', ''),
('tar', 'application/tar', 'document', ''),
('z', 'application/z', 'document', ''),
('odb', 'application/vnd.oasis.opendocument.database', 'document', ''),
('odt', 'application/vnd.oasis.opendocument.text', 'document', ''),
('ods', 'application/vnd.oasis.opendocument.spreadsheet', 'document', ''),
('odp', 'application/vnd.oasis.opendocument.presentation', 'document', ''),
('odg', 'application/vnd.oasis.opendocument.graphics', 'document', ''),
('odc', 'application/vnd.oasis.opendocument.chart', 'document', ''),
('odf', 'application/vnd.oasis.opendocument.formula', 'document', ''),
('odi', 'application/vnd.oasis.opendocument.image', 'document', ''),
('odm', 'application/vnd.oasis.opendocument.text-master', 'document', ''),
('ott', 'application/vnd.oasis.opendocument.text-template', 'document', ''),
('ots', 'application/vnd.oasis.opendocument.spreadsheet-template', 'document', ''),
('otp', 'application/vnd.oasis.opendocument.presentation-template', 'document', ''),
('otg', 'application/vnd.oasis.opendocument.graphics-template', 'document', ''),
('otc', 'application/vnd.oasis.opendocument.chart-template', 'document', ''),
('otf', 'application/vnd.oasis.opendocument.formula-template', 'document', ''),
('oti', 'application/vnd.oasis.opendocument.image-template', 'document', ''),
('oth', 'application/vnd.oasis.opendocument.text-web', 'document', ''),
('sxw', 'application/vnd.sun.xml.writer', 'document', ''),
('stw', 'application/vnd.sun.xml.writer.template', 'document', ''),
('sxc', 'application/vnd.sun.xml.calc', 'document', ''),
('stc', 'application/vnd.sun.xml.calc.template', 'document', ''),
('sxd', 'application/vnd.sun.xml.draw', 'document', ''),
('std', 'application/vnd.sun.xml.draw.template', 'document', ''),
('sxi', 'application/vnd.sun.xml.impress', 'document', ''),
('sti', 'application/vnd.sun.xml.impress.template', 'document', ''),
('sxg', 'application/vnd.sun.xml.writer.global', 'document', ''),
('sxm', 'application/vnd.sun.xml.math', 'document', ''),
('docx', 'application/vnd.openxmlformats-officedocument.wordprocessingml.document', 'document', ''),
('docm', 'application/vnd.ms-word.document.macroEnabled.12', 'document', ''),
('dotx', 'application/vnd.openxmlformats-officedocument.wordprocessingml.template', 'document', ''),
('dotm', 'application/vnd.ms-word.template.macroEnabled.12', 'document', ''),
('xlsx', 'application/vnd.openxmlformats-officedocument.spreadsheetml.sheet', 'document', ''),
('xlsm', 'application/vnd.ms-excel.sheet.macroEnabled.12', 'document', ''),
('xltx', 'application/vnd.openxmlformats-officedocument.spreadsheetml.template', 'document', ''),
('xltm', 'application/vnd.ms-excel.template.macroEnabled.12', 'document', ''),
('xlsb', 'application/vnd.ms-excel.sheet.binary.macroEnabled.12', 'document', ''),
('xlam', 'application/vnd.ms-excel.addin.macroEnabled.12', 'document', ''),
('pptx', 'application/vnd.openxmlformats-officedocument.presentationml.presentation', 'document', ''),
('pptm', 'application/vnd.ms-powerpoint.presentation.macroEnabled.12', 'document', ''),
('ppsx', 'application/vnd.openxmlformats-officedocument.presentationml.slideshow', 'document', ''),
('ppsm', 'application/vnd.ms-powerpoint.slideshow.macroEnabled.12', 'document', ''),
('potx', 'application/vnd.openxmlformats-officedocument.presentationml.template', 'document', ''),
('potm', 'application/vnd.ms-powerpoint.template.macroEnabled.12', 'document', ''),
('ppam', 'application/vnd.ms-powerpoint.addin.macroEnabled.12', 'document', ''),
('sldx', 'application/vnd.openxmlformats-officedocument.presentationml.slide', 'document', ''),
('sldm', 'application/vnd.ms-powerpoint.slide.macroEnabled.12', 'document', ''),
('thmx', 'application/vnd.ms-officetheme', 'document', ''),
('onetoc', 'application/onenote', 'document', ''),
('onetoc2', 'application/onenote', 'document', ''),
('onetmp', 'application/onenote', 'document', ''),
('onepkg', 'application/onenote', 'document', '');

-- --------------------------------------------------------

--
-- 資料表結構 `cpg15x_hit_stats`
--

CREATE TABLE IF NOT EXISTS `cpg15x_hit_stats` (
  `sid` int(11) NOT NULL AUTO_INCREMENT,
  `pid` varchar(100) COLLATE utf8_unicode_ci NOT NULL DEFAULT '',
  `ip` varchar(20) COLLATE utf8_unicode_ci NOT NULL DEFAULT '',
  `search_phrase` varchar(255) COLLATE utf8_unicode_ci NOT NULL DEFAULT '',
  `sdate` bigint(20) NOT NULL DEFAULT '0',
  `referer` text COLLATE utf8_unicode_ci NOT NULL,
  `browser` varchar(255) COLLATE utf8_unicode_ci NOT NULL DEFAULT '',
  `os` varchar(50) COLLATE utf8_unicode_ci NOT NULL DEFAULT '',
  `uid` int(11) NOT NULL DEFAULT '0',
  PRIMARY KEY (`sid`)
) ENGINE=MyISAM DEFAULT CHARSET=utf8 COLLATE=utf8_unicode_ci COMMENT='Detailed stats about hits, only used when enabled' AUTO_INCREMENT=1 ;

-- --------------------------------------------------------

--
-- 資料表結構 `cpg15x_languages`
--

CREATE TABLE IF NOT EXISTS `cpg15x_languages` (
  `lang_id` varchar(40) COLLATE utf8_unicode_ci NOT NULL DEFAULT '',
  `english_name` varchar(70) COLLATE utf8_unicode_ci DEFAULT NULL,
  `native_name` varchar(70) COLLATE utf8_unicode_ci DEFAULT NULL,
  `custom_name` varchar(70) COLLATE utf8_unicode_ci DEFAULT NULL,
  `flag` varchar(15) COLLATE utf8_unicode_ci DEFAULT NULL,
  `abbr` varchar(15) COLLATE utf8_unicode_ci NOT NULL DEFAULT '',
  `available` enum('YES','NO') COLLATE utf8_unicode_ci NOT NULL DEFAULT 'NO',
  `enabled` enum('YES','NO') COLLATE utf8_unicode_ci NOT NULL DEFAULT 'NO',
  `complete` enum('YES','NO') COLLATE utf8_unicode_ci NOT NULL DEFAULT 'NO',
  PRIMARY KEY (`lang_id`)
) ENGINE=MyISAM DEFAULT CHARSET=utf8 COLLATE=utf8_unicode_ci COMMENT='Contains the language file definitions';

--
-- 資料表的匯出資料 `cpg15x_languages`
--

INSERT INTO `cpg15x_languages` (`lang_id`, `english_name`, `native_name`, `custom_name`, `flag`, `abbr`, `available`, `enabled`, `complete`) VALUES
('albanian', 'Albanian', 'Albanian', NULL, 'al', 'al', 'NO', 'NO', 'NO'),
('arabic', 'Arabic', '&#1575;&#1604;&#1593;&#1585;&#1576;&#1610;&#1577;', NULL, 'sa', 'ar', 'YES', 'YES', 'NO'),
('armenian', 'Armenian', '', NULL, '', '', 'NO', 'NO', 'NO'),
('azerbaijani', 'Azerbaijani', '', NULL, 'az', '', 'NO', 'NO', 'NO'),
('basque', 'Basque', 'Euskera', NULL, 'basque', '', 'NO', 'NO', 'NO'),
('bosnian', 'Bosnian', 'Bosanski', NULL, 'ba', '', 'NO', 'NO', 'NO'),
('brazilian_portuguese', 'Portuguese (Brazilian)', 'Portugu&ecirc;s Brasileiro', NULL, 'br', '', 'YES', 'YES', 'NO'),
('bulgarian', 'Bulgarian', '&#1041;&#1098;&#1083;&#1075;&#1072;&#1088;&#1089;&#1082;&#1080;', NULL, 'bg', '', 'YES', 'YES', 'NO'),
('byelorussian', 'Byelorussian', '', NULL, 'by', '', 'NO', 'NO', 'NO'),
('catalan', 'Catalan', 'Catal&agrave;', NULL, 'catalonia', '', 'YES', 'NO', 'NO'),
('chinese_big5', 'Chinese traditional', '&#20013;&#25991; - &#32321;&#39636;', NULL, 'tw', 'cn', 'NO', 'NO', 'NO'),
('chinese_gb', 'Chinese simplified', '&#20013;&#25991; - &#31616;&#20307;', NULL, 'cn', 'cn', 'YES', 'YES', 'NO'),
('croatian', 'Croatian', 'Hrvatski', NULL, 'hr', '', 'NO', 'NO', 'NO'),
('czech', 'Czech', '&#x010C;esky', NULL, 'cz', 'cz', 'YES', 'YES', 'NO'),
('danish', 'Danish', 'Dansk', NULL, 'dk', 'dk', 'YES', 'YES', 'NO'),
('dutch', 'Dutch', 'Nederlands', NULL, 'nl', 'nl', 'YES', 'NO', 'NO'),
('english', 'English (US)', 'English (US)', NULL, 'us', 'en', 'YES', 'YES', 'YES'),
('english_gb', 'English (British)', 'English (British)', NULL, 'gb', 'en', 'YES', 'YES', 'NO'),
('estonian', 'Estonian', 'Eesti', NULL, 'ee', 'ee', 'YES', 'YES', 'YES'),
('filipino', 'Filipino Tagalog', '', NULL, 'ph', '', 'NO', 'NO', 'NO'),
('finnish', 'Finnish', 'Suomea', NULL, 'fi', '', 'YES', 'YES', 'YES'),
('french', 'French', 'Fran&ccedil;ais', NULL, 'fr', 'fr', 'YES', 'YES', 'YES'),
('galician', 'Galician', 'Galego', NULL, 'galician', '', 'NO', 'NO', 'NO'),
('georgian', 'Georgian', '&#4325;&#4304;&#4320;&#4311;&#4323;&#4314;&#4312;', NULL, 'ge', '', 'NO', 'NO', 'NO'),
('german', 'German (informal)', 'Deutsch (Du)', NULL, 'de', 'de', 'YES', 'YES', 'YES'),
('german_formal', 'German (formal)', 'Deutsch (Sie)', NULL, 'de', 'de', 'YES', 'YES', 'YES'),
('greek', 'Greek', '&#917;&#955;&#955;&#951;&#957;&#953;&#954;&#940;', NULL, 'gr', 'gr', 'YES', 'YES', 'YES'),
('hebrew', 'Hebrew', '&#1506;&#1489;&#1512;&#1497;&#1514;', NULL, 'il', '', 'NO', 'NO', 'NO'),
('hindi', 'Hindi', '&#2361;&#2367;&#2344;&#2381;&#2342;&#2368;', NULL, 'in', '', 'NO', 'NO', 'NO'),
('hungarian', 'Hungarian', 'Magyarul', NULL, 'hu', '', 'YES', 'YES', 'NO'),
('icelandic', 'Icelandic', '', NULL, 'is', '', 'YES', 'YES', 'NO'),
('indonesian', 'Indonesian', 'Bahasa Indonesia', NULL, 'id', '', 'NO', 'NO', 'NO'),
('italian', 'Italian', 'Italiano', NULL, 'it', 'it', 'YES', 'YES', 'YES'),
('japanese', 'Japanese', '&#26085;&#26412;&#35486;', NULL, 'jp', 'jp', 'YES', 'YES', 'YES'),
('kazakh', 'Kazakh', '', NULL, 'kz', '', 'NO', 'NO', 'NO'),
('korean', 'Korean', '&#54620;&#44397;&#50612;', NULL, 'kr', '', 'NO', 'NO', 'NO'),
('kurdish', 'Kurdish', '&#1603;&#1608;&#1585;&#1583;&#1740;', NULL, 'kurdish', '', 'NO', 'NO', 'NO'),
('kyrgyz', 'Kyrgyz', '', NULL, 'kg', '', 'NO', 'NO', 'NO'),
('laothian', 'Laothian ', '', NULL, 'la', '', 'NO', 'NO', 'NO'),
('latvian', 'Latvian', 'Latvian', NULL, 'lv', '', 'NO', 'NO', 'NO'),
('lithuanian', 'Lithuanian', 'Letzeburgisch', NULL, 'lu', '', 'NO', 'NO', 'NO'),
('luxembourgish', 'Luxembourgish', 'Lietuvi&#0353;kai', NULL, 'lt', '', 'YES', 'YES', 'NO'),
('macedonian', 'Macedonian', '&#1052;&#1072;&#1082;&#1077;&#1076;&#1086;&#1085;&#1089;&#1082;&#1080;', NULL, 'mk', '', 'NO', 'NO', 'NO'),
('malay', 'Malay', 'Bahasa Melayu', NULL, 'my', '', 'NO', 'NO', 'NO'),
('maltese', 'Maltese', '', NULL, 'mt', '', 'NO', 'NO', 'NO'),
('mongolian', 'Mongolian', '', NULL, 'mn', '', 'NO', 'NO', 'NO'),
('nepali', 'Nepali', '', NULL, 'np', '', 'NO', 'NO', 'NO'),
('norwegian', 'Norwegian', 'Norsk', NULL, 'no', 'no', 'YES', 'YES', 'NO'),
('persian', 'Persian', '&#1601;&#1575;&#1585;&#1587;&#1740;', NULL, 'ir', '', 'NO', 'NO', 'NO'),
('polish', 'Polish', 'Polski', NULL, 'pl', 'pl', 'YES', 'YES', 'YES'),
('portuguese', 'Portuguese (Portugal)', 'Portugu&ecirc;s', NULL, 'pt', '', 'YES', 'YES', 'NO'),
('romanian', 'Romanian', 'Rom&acirc;n&atilde;', NULL, 'ro', '', 'NO', 'NO', 'NO'),
('russian', 'Russian', '&#1056;&#1091;&#1089;&#1089;&#1082;&#1080;&#1081;', NULL, 'ru', 'ru', 'YES', 'YES', 'YES'),
('serbian', 'Serbian', 'Srpski', NULL, 'rs', '', 'YES', 'YES', 'YES'),
('slovak', 'Slovak', 'Slovensky', NULL, 'sk', '', 'YES', 'YES', 'NO'),
('slovenian', 'Slovenian', 'Slovensko', NULL, 'si', '', 'YES', 'YES', 'NO'),
('spanish', 'Spanish', 'Espa&ntilde;ol', NULL, 'es', 'es', 'YES', 'YES', 'YES'),
('spanish_mx', 'Mexican Spanish', 'Espa&ntilde;ol mexicano', NULL, 'mx', 'mx', 'YES', 'YES', 'NO'),
('swedish', 'Swedish', 'Svenska', NULL, 'se', '', 'YES', 'YES', 'NO'),
('thai', 'Thai', '&#3652;&#3607;&#3618;', NULL, 'th', '', 'NO', 'NO', 'NO'),
('turkish', 'Turkish', 'T&uuml;rk&ccedil;e', NULL, 'tr', '', 'YES', 'YES', 'NO'),
('tigrinya', 'Tigrinya', '', NULL, 'er', '', 'NO', 'NO', 'NO'),
('twi', 'Twi', '', NULL, 'gh', '', 'NO', 'NO', 'NO'),
('uighur', 'Uighur', 'Uighur', NULL, 'uighur', '', 'NO', 'NO', 'NO'),
('ukrainian', 'Ukrainian', '&#1059;&#1082;&#1088;&#1072;&#1111;&#1085;&#1089;&#1100;&#1082;&#1072;', NULL, 'ua', '', 'YES', 'YES', 'YES'),
('uzbek', 'Uzbek', '', NULL, 'uz', '', 'NO', 'NO', 'NO'),
('vietnamese', 'Vietnamese', 'Tieng Viet', NULL, 'vn', '', 'NO', 'NO', 'NO'),
('welsh', 'Welsh', 'Cymraeg', NULL, 'wales', '', 'NO', 'NO', 'NO');

-- --------------------------------------------------------

--
-- 資料表結構 `cpg15x_pictures`
--

CREATE TABLE IF NOT EXISTS `cpg15x_pictures` (
  `pid` int(11) NOT NULL AUTO_INCREMENT,
  `aid` int(11) NOT NULL DEFAULT '0',
  `filepath` varchar(255) COLLATE utf8_unicode_ci NOT NULL DEFAULT '',
  `filename` varchar(255) COLLATE utf8_unicode_ci NOT NULL DEFAULT '',
  `filesize` int(11) NOT NULL DEFAULT '0',
  `total_filesize` int(11) NOT NULL DEFAULT '0',
  `pwidth` smallint(6) NOT NULL DEFAULT '0',
  `pheight` smallint(6) NOT NULL DEFAULT '0',
  `hits` int(10) NOT NULL DEFAULT '0',
  `mtime` datetime NOT NULL DEFAULT '0000-00-00 00:00:00',
  `ctime` int(11) NOT NULL DEFAULT '0',
  `owner_id` int(11) NOT NULL DEFAULT '0',
  `pic_rating` int(11) NOT NULL DEFAULT '0',
  `votes` int(11) NOT NULL DEFAULT '0',
  `title` varchar(255) COLLATE utf8_unicode_ci NOT NULL DEFAULT '',
  `caption` text COLLATE utf8_unicode_ci NOT NULL,
  `keywords` varchar(255) COLLATE utf8_unicode_ci NOT NULL DEFAULT '',
  `approved` enum('YES','NO') COLLATE utf8_unicode_ci NOT NULL DEFAULT 'NO',
  `galleryicon` int(11) NOT NULL DEFAULT '0',
  `user1` varchar(255) COLLATE utf8_unicode_ci NOT NULL DEFAULT '',
  `user2` varchar(255) COLLATE utf8_unicode_ci NOT NULL DEFAULT '',
  `user3` varchar(255) COLLATE utf8_unicode_ci NOT NULL DEFAULT '',
  `user4` varchar(255) COLLATE utf8_unicode_ci NOT NULL DEFAULT '',
  `url_prefix` tinyint(4) NOT NULL DEFAULT '0',
  `pic_raw_ip` tinytext COLLATE utf8_unicode_ci,
  `pic_hdr_ip` tinytext COLLATE utf8_unicode_ci,
  `lasthit_ip` tinytext COLLATE utf8_unicode_ci,
  `position` int(11) NOT NULL DEFAULT '0',
  `guest_token` varchar(32) COLLATE utf8_unicode_ci DEFAULT '',
  PRIMARY KEY (`pid`),
  KEY `owner_id` (`owner_id`),
  KEY `pic_hits` (`hits`),
  KEY `pic_rate` (`pic_rating`),
  KEY `aid_approved` (`aid`,`approved`),
  KEY `pic_aid` (`aid`,`pid`)
) ENGINE=MyISAM  DEFAULT CHARSET=utf8 COLLATE=utf8_unicode_ci COMMENT='Used to store data about individual pics' AUTO_INCREMENT=5 ;

--
-- 資料表的匯出資料 `cpg15x_pictures`
--

INSERT INTO `cpg15x_pictures` (`pid`, `aid`, `filepath`, `filename`, `filesize`, `total_filesize`, `pwidth`, `pheight`, `hits`, `mtime`, `ctime`, `owner_id`, `pic_rating`, `votes`, `title`, `caption`, `keywords`, `approved`, `galleryicon`, `user1`, `user2`, `user3`, `user4`, `url_prefix`, `pic_raw_ip`, `pic_hdr_ip`, `lasthit_ip`, `position`, `guest_token`) VALUES
(1, 1, 'userpics/10001/', 'Chrysanthemum.jpg', 879394, 914402, 1024, 768, 0, '0000-00-00 00:00:00', 1338881480, 1, 0, 0, '', '', '', 'YES', 0, '', '', '', '', 0, '', '', NULL, 0, ''),
(2, 1, 'userpics/10001/', 'Desert.jpg', 845941, 871845, 1024, 768, 0, '0000-00-00 00:00:00', 1338881481, 1, 0, 0, '', '', '', 'YES', 0, '', '', '', '', 0, '', '', NULL, 0, ''),
(3, 1, 'userpics/10001/', 'Hydrangeas.jpg', 595284, 622977, 1024, 768, 0, '0000-00-00 00:00:00', 1338881481, 1, 0, 0, '', '', '', 'YES', 0, '', '', '', '', 0, '', '', NULL, 0, ''),
(4, 1, 'userpics/10001/', 'Jellyfish.jpg', 775702, 793957, 1024, 768, 0, '0000-00-00 00:00:00', 1338881482, 1, 0, 0, '', '', '', 'YES', 0, '', '', '', '', 0, '', '', NULL, 0, '');

-- --------------------------------------------------------

--
-- 資料表結構 `cpg15x_plugins`
--

CREATE TABLE IF NOT EXISTS `cpg15x_plugins` (
  `plugin_id` int(10) unsigned NOT NULL AUTO_INCREMENT,
  `name` varchar(64) COLLATE utf8_unicode_ci NOT NULL DEFAULT '',
  `path` varchar(128) COLLATE utf8_unicode_ci NOT NULL DEFAULT '',
  `priority` int(10) unsigned NOT NULL DEFAULT '0',
  PRIMARY KEY (`plugin_id`),
  UNIQUE KEY `name` (`name`),
  UNIQUE KEY `path` (`path`)
) ENGINE=MyISAM DEFAULT CHARSET=utf8 COLLATE=utf8_unicode_ci COMMENT='Stores the plugins' AUTO_INCREMENT=1 ;

-- --------------------------------------------------------

--
-- 資料表結構 `cpg15x_sessions`
--

CREATE TABLE IF NOT EXISTS `cpg15x_sessions` (
  `session_id` char(32) COLLATE utf8_unicode_ci NOT NULL DEFAULT '',
  `user_id` int(11) DEFAULT '0',
  `time` int(11) DEFAULT NULL,
  `remember` int(1) DEFAULT '0',
  PRIMARY KEY (`session_id`)
) ENGINE=MyISAM DEFAULT CHARSET=utf8 COLLATE=utf8_unicode_ci COMMENT='Used to store sessions';

-- --------------------------------------------------------

--
-- 資料表結構 `cpg15x_temp_messages`
--

CREATE TABLE IF NOT EXISTS `cpg15x_temp_messages` (
  `message_id` varchar(80) COLLATE utf8_unicode_ci NOT NULL,
  `user_id` int(11) DEFAULT '0',
  `time` int(11) DEFAULT NULL,
  `message` text COLLATE utf8_unicode_ci NOT NULL,
  PRIMARY KEY (`message_id`)
) ENGINE=MyISAM DEFAULT CHARSET=utf8 COLLATE=utf8_unicode_ci COMMENT='Used to store messages from one page to the other';

-- --------------------------------------------------------

--
-- 資料表結構 `cpg15x_usergroups`
--

CREATE TABLE IF NOT EXISTS `cpg15x_usergroups` (
  `group_id` int(11) NOT NULL AUTO_INCREMENT,
  `group_name` varchar(255) COLLATE utf8_unicode_ci NOT NULL DEFAULT '',
  `group_quota` int(11) NOT NULL DEFAULT '0',
  `has_admin_access` tinyint(4) NOT NULL DEFAULT '0',
  `can_rate_pictures` tinyint(4) NOT NULL DEFAULT '0',
  `can_send_ecards` tinyint(4) NOT NULL DEFAULT '0',
  `can_post_comments` tinyint(4) NOT NULL DEFAULT '0',
  `can_upload_pictures` tinyint(4) NOT NULL DEFAULT '0',
  `can_create_albums` tinyint(4) NOT NULL DEFAULT '0',
  `pub_upl_need_approval` tinyint(4) NOT NULL DEFAULT '1',
  `priv_upl_need_approval` tinyint(4) NOT NULL DEFAULT '1',
  `access_level` tinyint(4) NOT NULL DEFAULT '3',
  PRIMARY KEY (`group_id`)
) ENGINE=MyISAM  DEFAULT CHARSET=utf8 COLLATE=utf8_unicode_ci AUTO_INCREMENT=4 ;

--
-- 資料表的匯出資料 `cpg15x_usergroups`
--

INSERT INTO `cpg15x_usergroups` (`group_id`, `group_name`, `group_quota`, `has_admin_access`, `can_rate_pictures`, `can_send_ecards`, `can_post_comments`, `can_upload_pictures`, `can_create_albums`, `pub_upl_need_approval`, `priv_upl_need_approval`, `access_level`) VALUES
(1, 'Administrators', 0, 1, 1, 1, 1, 1, 1, 0, 0, 3),
(2, 'Registered', 1024, 0, 1, 1, 1, 1, 1, 1, 0, 3),
(3, 'Anonymous', 0, 0, 1, 0, 0, 0, 0, 1, 1, 3);

-- --------------------------------------------------------

--
-- 資料表結構 `cpg15x_users`
--

CREATE TABLE IF NOT EXISTS `cpg15x_users` (
  `user_id` int(11) NOT NULL AUTO_INCREMENT,
  `user_group` int(11) NOT NULL DEFAULT '2',
  `user_active` enum('YES','NO') COLLATE utf8_unicode_ci NOT NULL DEFAULT 'NO',
  `user_name` varchar(25) COLLATE utf8_unicode_ci NOT NULL DEFAULT '',
  `user_password` varchar(40) COLLATE utf8_unicode_ci NOT NULL DEFAULT '',
  `user_lastvisit` datetime NOT NULL DEFAULT '0000-00-00 00:00:00',
  `user_regdate` datetime NOT NULL DEFAULT '0000-00-00 00:00:00',
  `user_group_list` varchar(255) COLLATE utf8_unicode_ci NOT NULL DEFAULT '',
  `user_email` varchar(255) COLLATE utf8_unicode_ci NOT NULL DEFAULT '',
  `user_email_valid` enum('YES','') COLLATE utf8_unicode_ci NOT NULL DEFAULT '',
  `user_profile1` varchar(255) COLLATE utf8_unicode_ci NOT NULL DEFAULT '',
  `user_profile2` varchar(255) COLLATE utf8_unicode_ci NOT NULL DEFAULT '',
  `user_profile3` varchar(255) COLLATE utf8_unicode_ci NOT NULL DEFAULT '',
  `user_profile4` varchar(255) COLLATE utf8_unicode_ci NOT NULL DEFAULT '',
  `user_profile5` varchar(255) COLLATE utf8_unicode_ci NOT NULL DEFAULT '',
  `user_profile6` text COLLATE utf8_unicode_ci NOT NULL,
  `user_actkey` varchar(32) COLLATE utf8_unicode_ci NOT NULL DEFAULT '',
  `user_language` varchar(40) COLLATE utf8_unicode_ci NOT NULL DEFAULT '',
  PRIMARY KEY (`user_id`),
  UNIQUE KEY `user_name` (`user_name`),
  KEY `user_group` (`user_group`)
) ENGINE=MyISAM  DEFAULT CHARSET=utf8 COLLATE=utf8_unicode_ci COMMENT='Used to store users, not used when bridged' AUTO_INCREMENT=2 ;

--
-- 資料表的匯出資料 `cpg15x_users`
--

INSERT INTO `cpg15x_users` (`user_id`, `user_group`, `user_active`, `user_name`, `user_password`, `user_lastvisit`, `user_regdate`, `user_group_list`, `user_email`, `user_email_valid`, `user_profile1`, `user_profile2`, `user_profile3`, `user_profile4`, `user_profile5`, `user_profile6`, `user_actkey`, `user_language`) VALUES
(1, 1, 'YES', 'bau720123', '1bd569b71a8464aa11f9f3776a1d030a', '2012-06-12 19:23:48', '2012-06-05 15:22:37', '', 'bau720123@gmail.com', '', '', '', '', '', '', '', '', 'chinese_big5');

-- --------------------------------------------------------

--
-- 資料表結構 `cpg15x_votes`
--

CREATE TABLE IF NOT EXISTS `cpg15x_votes` (
  `pic_id` mediumint(9) NOT NULL DEFAULT '0',
  `user_md5_id` varchar(32) COLLATE utf8_unicode_ci NOT NULL DEFAULT '',
  `vote_time` int(11) NOT NULL DEFAULT '0',
  PRIMARY KEY (`pic_id`,`user_md5_id`)
) ENGINE=MyISAM DEFAULT CHARSET=utf8 COLLATE=utf8_unicode_ci COMMENT='Stores votes for individual pics';

-- --------------------------------------------------------

--
-- 資料表結構 `cpg15x_vote_stats`
--

CREATE TABLE IF NOT EXISTS `cpg15x_vote_stats` (
  `sid` int(11) NOT NULL AUTO_INCREMENT,
  `pid` varchar(100) COLLATE utf8_unicode_ci NOT NULL DEFAULT '',
  `rating` smallint(6) NOT NULL DEFAULT '0',
  `ip` varchar(20) COLLATE utf8_unicode_ci NOT NULL DEFAULT '',
  `sdate` bigint(20) NOT NULL DEFAULT '0',
  `referer` text COLLATE utf8_unicode_ci NOT NULL,
  `browser` varchar(255) COLLATE utf8_unicode_ci NOT NULL DEFAULT '',
  `os` varchar(50) COLLATE utf8_unicode_ci NOT NULL DEFAULT '',
  `uid` int(11) NOT NULL DEFAULT '0',
  PRIMARY KEY (`sid`)
) ENGINE=MyISAM DEFAULT CHARSET=utf8 COLLATE=utf8_unicode_ci COMMENT='Detailed stats about votes, only used when enabled' AUTO_INCREMENT=1 ;

-- --------------------------------------------------------

--
-- 資料表結構 `favorite`
--

CREATE TABLE IF NOT EXISTS `favorite` (
  `favorite_id` int(11) NOT NULL AUTO_INCREMENT,
  `member_id` int(11) NOT NULL,
  `class3_id` int(11) NOT NULL,
  PRIMARY KEY (`favorite_id`)
) ENGINE=MyISAM DEFAULT CHARSET=utf8 COLLATE=utf8_unicode_ci AUTO_INCREMENT=1 ;

-- --------------------------------------------------------

--
-- 資料表結構 `gcm`
--

CREATE TABLE IF NOT EXISTS `gcm` (
  `gcm_id` int(11) NOT NULL AUTO_INCREMENT,
  `gcm_platform` varchar(10) CHARACTER SET utf8 DEFAULT NULL,
  `gcm_regid` text COLLATE utf8_unicode_ci,
  `gcm_name` varchar(50) COLLATE utf8_unicode_ci NOT NULL,
  `gcm_email` varchar(255) COLLATE utf8_unicode_ci NOT NULL,
  `nowtime` timestamp NOT NULL DEFAULT CURRENT_TIMESTAMP,
  PRIMARY KEY (`gcm_id`)
) ENGINE=InnoDB  DEFAULT CHARSET=utf8 COLLATE=utf8_unicode_ci AUTO_INCREMENT=20 ;

--
-- 資料表的匯出資料 `gcm`
--

INSERT INTO `gcm` (`gcm_id`, `gcm_platform`, `gcm_regid`, `gcm_name`, `gcm_email`, `nowtime`) VALUES
(1, 'android', 'APA91bEwi5d4C5gy7UzKzb886VCPV522mhfMoc4Q_B8OKmTnmt4TYs9JPMiQsyCAW2zzXWSsN-FI1agygXrWRqaSB5bcmAyClC1iawzOBQifkTrid4zSvmSX9fXzTHFPA3rs-f0GmKe2RDfwjmZEYml0L_5IOwCwfg', '小包的手機', 'bau720123@gmail.com', '2013-06-07 07:10:50'),
(3, 'android', 'APA91bEKp8RGYChIWiJ-DCL0MebOvmDQjfqHQM-IYszfflvr6aQDBI6qRqBux4y5Ec93ymSlMkDy0ZqNCuWXjomo86G0fOKpQzxV54L7uxKQ8QrnswS8eUZWIFdI__5XbuRKeT62KIWBpQGRYYwtgWyI3EsFXNLcrA', '女友的NOTE2', 'carycc1106@gmail.com', '2013-06-07 15:13:24'),
(4, 'android', 'APA91bFtpxJf4H8E2K9asbCrut2ypB7tD4tYi6E_NeSDaqr8PmPj4AQNktxFWuDJDdGSKJw9LehqNRi85l2P71WqfUY1izG_VIJX42oQYMR-Rnd2L--R0plpD1A5AElnOK_Q3lbjc6tu6g76G0lXjrl-gUrCL9hNJg', '小包的平板', 'bau720123@gmail.com', '2013-06-10 07:19:18'),
(6, 'android', 'APA91bGPTN55-b9NR6Ihw-KSBLYRDKtD9YWLmn5roF-ItHJbnedP0AQcsD_XMbjpPcKFOUxkB2HfYLGHOTvW-vZu5ekKhlcSq0mp3ONv7gLTX_t5gb1D33A_KbadnoX8QvaJ96HR94TE2ycS_0BX6n_zB1Jj8q2JATgUXz14Qw9vmFMICAtWG38', '老媽的手機', 'aaa', '2013-06-10 12:01:37'),
(7, 'android', 'APA91bEcjitu1Cc753YsuPIKhSVbbG4X4tW5Um27mly17kyCNniNG2qNr6_mQQC8f5t2-ouyy0HWqsKwR7scvCtMpJt7-E-6F0hmDE1PJHOMOwxyh-LGpIXM5gfR_PNhDhGhEJb_26gUDg3GmXN4iG5DweXC_Uzlmg', 'bella', 'hcyu1102@gmail.com', '2013-06-26 09:35:00'),
(8, 'android', 'APA91bFNRCsQIKzOjCmvenGYk2nqfDbXpIQiCVq4FpQsODapv2CrodmJXugITVTRuFSdfQZ4lM0BUmBmT3ey2xiDtU5vBoVMA6KfYYHPnJsu-pbXmFEe_KEVhYBF55ll4c0XoM0Hwrk3a9vdZ4L-0pL3mpiuoMuctw', '小包的手機正式', 'bau720123@gmail.com', '2013-09-18 09:56:44'),
(9, 'android', 'APA91bGhNVr36cFXPX95eahQorseHWLYuuHmS_ecXtU1ojCpg0MrXZz6mIcfons95WIej_opQ7DYnvKMuyAwqr4SJxArN_Xkzn107KLTsW0BDJLv-jxLrlfQn2w89IEefNU8zDGDLDdCqM8UeF41jJuKwGirmvgxPg', '小包測試', 'bau720123@gmail.com', '2013-10-08 08:13:17'),
(10, 'android', 'APA91bExAZbd0-KzzizMmSHa_rgvMec8CuEnd1MeWGVZM2tFU0qJUGRtUuBCpyMbMmsOOoHUJmBNQ6TlExOS4Tt543VQaA-ym9vGDeHpzak4JlHjt5kD65Nl62CLGwqgXwF-Shj4Ih75sWg57ZH5W9LLxJAUhsSjjtaJJIkDcYOvt45sJ6qOaD4', '全球', '123@Gmail. com', '2013-10-28 07:33:00'),
(11, 'android', 'APA91bG4ZgN7Z20nzaPdcn-Sa4I__xwZ7sOUhLX7X5CmeKOXlkTMo2-GNhk3qHn6jK3GDWe1VSEmc6EKkSwgWXAPrhiVF73ba69ZauBZjkcuQHJgHZnCjaU3zc5nHiKusqn8XFKYfwfHUgR223WdTG5koS5hCLSYhw', '123456', 'gggggg', '2013-11-13 07:12:18'),
(12, 'android', 'APA91bFrEHCG_oEMdLAPtaljZIWvI_P-YUj8FQSdlRmj3I19RTtkBpGBp-5-g8Bh4FVMUUZYjYvxqKZ-Zu6DO6IaQo4elxRb0_WZlwlwUlC8DietzfP8W0b3m1Apn9TeNJ46WkhKQ-MVRTZG_fpw-hHbIMWNdw-USNNjaV90K21tnH73dmNn8rs', 'ddfc', 'ccc', '2014-04-21 15:04:22'),
(13, 'android', 'APA91bGflCnsSCc1dLPCEHY4FQpJeUCVuylLoorWQAaA3vDgFnsKA2KDhLUxdPPOn_fb2B3O4oJYHMloh-g92w2MTwb_KFrKDoypPtQXjwJR0upJsJa2hPXA9Zv2KqWYW3Tb74fkISTVdxxBSv5mmPPnUDBK_zYPQ7s5mNfZMgrhrVTAmcelXIw', '蕭阿文', 'wiixajax@gmail.com', '2014-04-28 08:49:22'),
(16, 'ios', 'a1d1f5cc39c9c7a89700385835aa3d8225f1257e732dbda51ff09e794bf98dea', '小包正式', 'bau720123@gmail.com', '2014-05-16 05:01:32'),
(17, 'android', 'APA91bEbIa19VIKAeBqpzs21EmmpkKiNQXkt1gmPGLbLwTEUkghZY1iIZTquOcreeIHJqaam4rvrZvvJtA9gMjgv827P_BetMEcD9U8sR5bC0Qyo9N7iGfKNDkY-3jIFmxe_zYF2ID_gyxAp2oUPoVMgzBjWKc_KyjL7mZvbXQQSjcCLPl5lQNA', 'yuyu', 'yuyu0724@gmail.com', '2014-05-26 16:01:02'),
(18, 'ios', '3cf1f5e1eef872395d6eabf2c2dd5f8d0b3c1a09175b55a286e1b6eb278a59d2', 'Bandu', 'Bmulla7@gmail.com', '2014-05-26 16:34:29'),
(19, 'ios', 'df5ab52f1c7be8ac7faf341e18754241ee6e69a34fed16919f908cef01ac8dcd', 'Jska', 'Jdjdj', '2014-06-05 10:24:55');

-- --------------------------------------------------------

--
-- 資料表結構 `member`
--

CREATE TABLE IF NOT EXISTS `member` (
  `member_id` int(11) NOT NULL AUTO_INCREMENT,
  `member_uid` varchar(10) COLLATE utf8_unicode_ci NOT NULL,
  `member_level` int(11) NOT NULL DEFAULT '0',
  `member_uid2` varchar(14) COLLATE utf8_unicode_ci NOT NULL,
  `member_username` varchar(20) COLLATE utf8_unicode_ci NOT NULL,
  `member_password` text COLLATE utf8_unicode_ci NOT NULL,
  `member_name` varchar(50) COLLATE utf8_unicode_ci NOT NULL,
  `member_nick` varchar(50) COLLATE utf8_unicode_ci DEFAULT NULL,
  `city_id` int(2) NOT NULL,
  `area_id` int(2) NOT NULL,
  `member_address` varchar(50) COLLATE utf8_unicode_ci DEFAULT NULL,
  `member_zipcode` varchar(10) COLLATE utf8_unicode_ci DEFAULT NULL,
  `member_birthday` date DEFAULT NULL,
  `member_tel` varchar(10) COLLATE utf8_unicode_ci DEFAULT NULL,
  `member_phone` varchar(10) COLLATE utf8_unicode_ci DEFAULT NULL,
  `member_email` varchar(50) COLLATE utf8_unicode_ci NOT NULL,
  `member_sex` varchar(2) COLLATE utf8_unicode_ci NOT NULL,
  `member_occupation` varchar(10) COLLATE utf8_unicode_ci DEFAULT NULL,
  `member_how` varchar(50) COLLATE utf8_unicode_ci DEFAULT NULL,
  `member_point` int(11) unsigned DEFAULT NULL,
  `member_hash` varchar(20) COLLATE utf8_unicode_ci NOT NULL,
  `member_ok` int(1) NOT NULL,
  `nowtime` datetime NOT NULL,
  PRIMARY KEY (`member_id`),
  UNIQUE KEY `member_username` (`member_username`)
) ENGINE=MyISAM  DEFAULT CHARSET=utf8 COLLATE=utf8_unicode_ci AUTO_INCREMENT=11 ;

--
-- 資料表的匯出資料 `member`
--

INSERT INTO `member` (`member_id`, `member_uid`, `member_level`, `member_uid2`, `member_username`, `member_password`, `member_name`, `member_nick`, `city_id`, `area_id`, `member_address`, `member_zipcode`, `member_birthday`, `member_tel`, `member_phone`, `member_email`, `member_sex`, `member_occupation`, `member_how`, `member_point`, `member_hash`, `member_ok`, `nowtime`) VALUES
(6, 'A126926111', 1, '123456789', 'admin', '21232f297a57a5a743894a0e4a801fc3', '包四維', '小包', 1, 1, '萬大路277巷37弄5號99樓', '108', '1983-01-23', '23625213', '0920296561', 'bau720123@gmail.com', '男', '網際網路', '朋友', 300, 'X', 1, '2012-06-19 22:13:01'),
(10, 'A126926111', 2, 'uid2', 'bau720123', '720123bau', '包四維', '小包', 1, 1, '萬華區萬大路277巷37巷5號3樓之1', '108', '1983-01-23', '0223015592', '0920296561', 'colin_bau@water-start.net', '1', '工程師', '網路', 1000, '1', 0, '2014-08-19 17:17:40');

-- --------------------------------------------------------

--
-- 資料表結構 `orders`
--

CREATE TABLE IF NOT EXISTS `orders` (
  `orders_id` int(11) unsigned NOT NULL AUTO_INCREMENT,
  `member_id` int(11) NOT NULL,
  `orders_point` int(11) NOT NULL,
  `orders_uid` bigint(14) NOT NULL,
  `orders_subtotal` int(11) unsigned NOT NULL,
  `orders_shipping` int(11) unsigned NOT NULL,
  `orders_grandtotal` int(11) unsigned NOT NULL,
  `orders_customerName` varchar(5) COLLATE utf8_unicode_ci NOT NULL,
  `orders_customerCode` varchar(5) COLLATE utf8_unicode_ci NOT NULL,
  `orders_customerEmail` varchar(50) COLLATE utf8_unicode_ci NOT NULL,
  `orders_customerSex` varchar(5) COLLATE utf8_unicode_ci NOT NULL,
  `orders_customerAddress` varchar(60) COLLATE utf8_unicode_ci NOT NULL,
  `orders_customerPhone` varchar(20) COLLATE utf8_unicode_ci NOT NULL,
  `orders_customerTel` varchar(20) COLLATE utf8_unicode_ci NOT NULL,
  `orders_paytype` varchar(50) COLLATE utf8_unicode_ci NOT NULL,
  `orders_paytypedetail1` varchar(50) COLLATE utf8_unicode_ci DEFAULT NULL,
  `orders_paytypedetail2` varchar(50) COLLATE utf8_unicode_ci DEFAULT NULL,
  `orders_paytypedetail3` varchar(50) COLLATE utf8_unicode_ci DEFAULT NULL,
  `orders_paytypedetail4` varchar(50) COLLATE utf8_unicode_ci DEFAULT NULL,
  `orders_ok` int(1) NOT NULL DEFAULT '1',
  `orders_bak` text COLLATE utf8_unicode_ci,
  `ticket_type` int(1) NOT NULL,
  `ticket_no` int(11) DEFAULT NULL,
  `ticket_title` varchar(50) COLLATE utf8_unicode_ci DEFAULT NULL,
  `nowtime` datetime NOT NULL,
  PRIMARY KEY (`orders_id`)
) ENGINE=MyISAM  DEFAULT CHARSET=utf8 COLLATE=utf8_unicode_ci AUTO_INCREMENT=6 ;

--
-- 資料表的匯出資料 `orders`
--

INSERT INTO `orders` (`orders_id`, `member_id`, `orders_point`, `orders_uid`, `orders_subtotal`, `orders_shipping`, `orders_grandtotal`, `orders_customerName`, `orders_customerCode`, `orders_customerEmail`, `orders_customerSex`, `orders_customerAddress`, `orders_customerPhone`, `orders_customerTel`, `orders_paytype`, `orders_paytypedetail1`, `orders_paytypedetail2`, `orders_paytypedetail3`, `orders_paytypedetail4`, `orders_ok`, `orders_bak`, `ticket_type`, `ticket_no`, `ticket_title`, `nowtime`) VALUES
(5, 6, 50, 201206191025, 500, 100, 600, '小包維', '108', 'bau720123@gmail.com', '先生', '這是地址', '這是手機', '這是電話', '1', NULL, NULL, NULL, NULL, 1, '這是備註', 1, 12345678, '小包直覺設計', '2012-06-19 22:26:25');

-- --------------------------------------------------------

--
-- 資料表結構 `ordersdetail`
--

CREATE TABLE IF NOT EXISTS `ordersdetail` (
  `ordersdetail_id` int(11) unsigned NOT NULL AUTO_INCREMENT,
  `orders_id` int(11) NOT NULL,
  `member_id` int(11) NOT NULL,
  `class3_id` int(11) unsigned NOT NULL,
  `class3_standard` varchar(50) COLLATE utf8_unicode_ci DEFAULT NULL,
  `class3_name` varchar(50) COLLATE utf8_unicode_ci NOT NULL,
  `class3_price` int(11) unsigned NOT NULL,
  `class3_point` int(11) unsigned DEFAULT NULL,
  `class3_count` int(11) unsigned NOT NULL,
  PRIMARY KEY (`ordersdetail_id`)
) ENGINE=MyISAM  DEFAULT CHARSET=utf8 COLLATE=utf8_unicode_ci AUTO_INCREMENT=6 ;

--
-- 資料表的匯出資料 `ordersdetail`
--

INSERT INTO `ordersdetail` (`ordersdetail_id`, `orders_id`, `member_id`, `class3_id`, `class3_standard`, `class3_name`, `class3_price`, `class3_point`, `class3_count`) VALUES
(5, 5, 6, 58, '桃紅色', 'Desert.jpg', 200, 50, 1),
(4, 5, 6, 57, '淡橘色', 'Chrysanthemum.jpg', 100, 10, 3);

-- --------------------------------------------------------

--
-- 資料表結構 `pushnotification`
--

CREATE TABLE IF NOT EXISTS `pushnotification` (
  `pushnotification_id` int(11) NOT NULL AUTO_INCREMENT,
  `pushnotification_platform` varchar(10) CHARACTER SET utf8 NOT NULL,
  `pushnotification_identify_id` text COLLATE utf8_unicode_ci NOT NULL,
  `pushnotification_identify_uuid` varchar(50) COLLATE utf8_unicode_ci NOT NULL,
  `pushnotification_device_name` varchar(50) COLLATE utf8_unicode_ci NOT NULL,
  `gcm_email` varchar(255) COLLATE utf8_unicode_ci DEFAULT NULL,
  `nowtime` datetime NOT NULL DEFAULT CURRENT_TIMESTAMP,
  PRIMARY KEY (`pushnotification_id`)
) ENGINE=InnoDB  DEFAULT CHARSET=utf8 COLLATE=utf8_unicode_ci AUTO_INCREMENT=86 ;

--
-- 資料表的匯出資料 `pushnotification`
--

INSERT INTO `pushnotification` (`pushnotification_id`, `pushnotification_platform`, `pushnotification_identify_id`, `pushnotification_identify_uuid`, `pushnotification_device_name`, `gcm_email`, `nowtime`) VALUES
(56, 'winphone', 'http://s.notify.live.net/u/1/sin/HmQAAAD9Hn_8uWXVJdDVgXx-Qy42-ZpaWn3OERJ-XDuveXYCGO_zibzqqo0xU_aQCwZ2s4aKr9s5Ah6xJSOLIaaSwaxV/d2luZG93c3Bob25lZGVmYXVsdA/OMB7q0zu8kS7_2E6YfyUkw/lCZWL4pQOXxfodRce3VFNOcSxAQ', 'ZDEEk4tmoXoJoZcTWqjqCnzAqTsZ9llD', 'RM-914_apac_taiwan_296', 'winphone 8.1 正式', '2014-12-23 15:47:57'),
(57, 'android', 'APA91bHlKM97ZavrolfLW526vp6W7uJwNp0-tIpBnDlpPQh3ig8gpXuCsfNZEFeiDS75Q7cuCKS9--MBzUTimYJZ1KJr1uK6KiPtiTNtcLWuFzENS3Esho6upm9-jJ7IrdFi6wKT86GC5mC1vSEyQIjyHjw8LbYqL-E5Ntv5zlMX-ZQQr4h7FGY', '9ea488bd-9a40-3361-3531-870604520328', 'ASUS_T00P', 'Android 4.4.2 正式', '2014-12-23 15:54:36'),
(75, 'android', 'APA91bH2EvgabFYnvhn2stJOWptKh3pGSUCiPLDjYvMtzC_q_pLgkYlYF5EK409ZjodAp-Asjt_NNJHq6ZRkc0p9ag-YBgRxm6GAX52iid1uFjiPkCYTyPxJV30v6fuTMSyrRZD4GA9C2rmP-tZ9oH9XO5DN8S-ohw', '1f966768-a7e6-af27-3586-970423618748', 'HTC Sensation XL with Beats Audio X315e', 'Android 4.0.3 正式', '2014-12-27 00:34:27'),
(77, 'ios', '3682198b10ab93e844c02f216c75ec4259461f5b14456e995300727d5f9a4c9b', '1C8CC216-E2F5-4545-863A-6B93D6AE2A01', 'iPad2,5', 'ipad mini 8.1.2 測試', '2014-12-27 03:20:56'),
(85, 'ios', 'b64227bf39a7aa5f772218e789764fe2e491d05da0138e157831ffa56fcf558a', '118FDA18-AAAE-459D-B27F-98D45D961238', 'iPhone7,1', 'iphone 6 plus 8.1.2 測試', '2014-12-28 16:27:10');

-- --------------------------------------------------------

--
-- 資料表結構 `qa`
--

CREATE TABLE IF NOT EXISTS `qa` (
  `qa_id` int(11) NOT NULL AUTO_INCREMENT,
  `qa_typeid` int(11) NOT NULL,
  `class3_id` int(11) NOT NULL,
  `member_id` int(11) NOT NULL,
  `qa_count` int(11) NOT NULL DEFAULT '1',
  `ready` int(11) NOT NULL,
  `qa_question` varchar(50) COLLATE utf8_unicode_ci NOT NULL,
  `qa_content` text COLLATE utf8_unicode_ci,
  `qa_email` varchar(50) COLLATE utf8_unicode_ci NOT NULL,
  `photo` varchar(40) COLLATE utf8_unicode_ci DEFAULT NULL,
  `photo_thum` varchar(40) COLLATE utf8_unicode_ci DEFAULT NULL,
  `ontime` datetime NOT NULL,
  `offtime` datetime NOT NULL,
  `nowtime` datetime NOT NULL,
  `sort` int(11) DEFAULT NULL,
  PRIMARY KEY (`qa_id`)
) ENGINE=MyISAM  DEFAULT CHARSET=utf8 COLLATE=utf8_unicode_ci AUTO_INCREMENT=38 ;

--
-- 資料表的匯出資料 `qa`
--

INSERT INTO `qa` (`qa_id`, `qa_typeid`, `class3_id`, `member_id`, `qa_count`, `ready`, `qa_question`, `qa_content`, `qa_email`, `photo`, `photo_thum`, `ontime`, `offtime`, `nowtime`, `sort`) VALUES
(8, 1, 0, 0, 1, 1, '第一篇輪播廣告', NULL, '', '../upload/20140818_4d314.jpg', '../upload/thum_20140818_4d314.jpg', '2012-06-19 22:10:37', '2022-06-19 22:10:37', '2012-06-19 22:11:04', 1),
(9, 2, 0, 0, 1, 1, '第一篇最新消息', '最新消息的內容', '', NULL, NULL, '2012-06-19 22:11:25', '2022-06-19 22:11:25', '2012-06-19 22:11:40', 1),
(10, 3, 0, 0, 1, 1, '第一篇常見問題', '常見問題的內容', '', NULL, NULL, '2012-06-19 22:11:46', '2022-06-19 22:11:46', '2012-06-19 22:12:05', 1),
(11, 4, 0, 0, 1, 1, '第一篇討論主題', '討論主題的內容', '', NULL, NULL, '2012-06-19 22:12:11', '2022-06-19 22:12:11', '2012-06-19 22:12:22', 1),
(12, 5, 0, 0, 1, 1, '第一篇連絡我們', '連絡我們的內容', 'bau720123@gmail.com', NULL, NULL, '2012-06-19 22:17:55', '2022-06-19 22:17:55', '2012-06-19 22:18:14', 1),
(13, 6, 0, 0, 1, 1, '第一篇電子報', '電子報的內容', '', NULL, NULL, '2012-06-19 22:18:17', '2022-06-19 22:18:17', '2012-06-19 22:18:34', 1),
(14, 7, 0, 0, 1, 1, '產品大分類一', NULL, '', NULL, NULL, '2012-06-19 22:18:39', '2022-06-19 22:18:39', '2012-06-19 22:18:52', 3),
(15, 7, 0, 0, 1, 1, '產品大分類二', NULL, '', NULL, NULL, '2012-06-19 22:18:53', '2022-06-19 22:18:53', '2012-06-19 22:19:05', 2),
(16, 7, 0, 0, 1, 1, '產品大分類三', NULL, '', NULL, NULL, '2012-06-19 22:19:05', '2022-06-19 22:19:05', '2012-06-19 22:19:18', 1),
(19, 8, 57, 0, 1, 1, '水母藍', NULL, '', '../upload/20120621_e3461.jpg', '../upload/thum_20120621_e3461.jpg', '2012-06-21 01:23:23', '2022-06-21 01:23:23', '2012-06-21 01:23:33', 1),
(20, 8, 57, 0, 1, 1, '企鵝白', NULL, '', '../upload/20120621_a087c.jpg', '../upload/thum_20120621_a087c.jpg', '2012-06-21 01:23:39', '2022-06-21 01:23:39', '2012-06-21 01:23:47', 2),
(21, 8, 57, 0, 1, 1, '沙漠土', NULL, '', '../upload/20120621_f8ad2.jpg', '../upload/thum_20120621_f8ad2.jpg', '2012-06-21 01:23:55', '2022-06-21 01:23:55', '2012-06-21 01:24:07', 3),
(22, 9, 57, 0, 1, 1, '大的尺寸', NULL, '', NULL, NULL, '2012-06-21 01:25:49', '2022-06-21 01:25:49', '2012-06-21 01:25:59', 1),
(23, 9, 57, 0, 1, 1, '中的尺寸', NULL, '', NULL, NULL, '2012-06-21 01:26:00', '2022-06-21 01:26:00', '2012-06-21 01:26:06', 2),
(26, 9, 57, 0, 1, 1, '小的尺寸', NULL, '', NULL, NULL, '2012-06-21 01:42:50', '2022-06-21 01:42:50', '2012-06-21 01:43:02', 3),
(27, 8, 58, 0, 1, 1, '登塔黃', NULL, '', '../upload/20120621_c9cb2.jpg', '../upload/thum_20120621_c9cb2.jpg', '2012-06-21 01:43:36', '2022-06-21 01:43:36', '2012-06-21 01:43:52', 4),
(28, 9, 58, 0, 1, 1, 'ONE SIZE', NULL, '', NULL, NULL, '2012-06-21 01:43:56', '2022-06-21 01:43:56', '2012-06-21 01:44:04', 4),
(35, 5, 0, 0, 1, 1, '123', '12345', 'bau720123@gmail.com', NULL, NULL, '2014-08-11 15:45:53', '2015-08-11 15:45:53', '2014-08-11 15:46:02', NULL),
(37, 6, 0, 0, 1, 1, '我的標題', '我的標題我的標題', '', NULL, NULL, '2014-08-11 15:46:52', '2015-08-11 15:46:52', '2014-08-11 15:47:00', NULL);

-- --------------------------------------------------------

--
-- 資料表結構 `qa_re`
--

CREATE TABLE IF NOT EXISTS `qa_re` (
  `qa_re_id` int(11) NOT NULL AUTO_INCREMENT,
  `qa_id` int(11) NOT NULL,
  `member_id` int(11) NOT NULL,
  `ready` int(11) NOT NULL,
  `qa_re_question` varchar(50) COLLATE utf8_unicode_ci NOT NULL,
  `qa_re_content` text COLLATE utf8_unicode_ci,
  `ontime` datetime NOT NULL,
  `offtime` datetime NOT NULL,
  `nowtime` datetime NOT NULL,
  `sort` int(11) DEFAULT NULL,
  PRIMARY KEY (`qa_re_id`)
) ENGINE=MyISAM  DEFAULT CHARSET=utf8 COLLATE=utf8_unicode_ci AUTO_INCREMENT=21 ;

--
-- 資料表的匯出資料 `qa_re`
--

INSERT INTO `qa_re` (`qa_re_id`, `qa_id`, `member_id`, `ready`, `qa_re_question`, `qa_re_content`, `ontime`, `offtime`, `nowtime`, `sort`) VALUES
(9, 11, 0, 1, '第一篇回應主題', '回應主題的內容', '2012-06-19 22:12:27', '2022-06-19 22:12:27', '2012-06-19 22:12:50', NULL),
(10, 14, 0, 1, '大分類一之一', NULL, '2012-06-19 22:19:23', '2022-06-19 22:19:23', '2012-06-19 22:19:36', 1),
(11, 14, 0, 1, '大分類一之二', NULL, '2012-06-19 22:19:38', '2022-06-19 22:19:38', '2012-06-19 22:19:51', 2),
(12, 14, 0, 1, '大分類一之三', NULL, '2012-06-19 22:19:55', '2022-06-19 22:19:55', '2012-06-19 22:20:03', 3),
(13, 15, 0, 1, '大分類二之一', NULL, '2012-06-19 22:20:06', '2022-06-19 22:20:06', '2012-06-19 22:20:14', 1),
(14, 15, 0, 1, '大分類二之二', NULL, '2012-06-19 22:20:33', '2022-06-19 22:20:33', '2012-06-19 22:20:37', 2),
(15, 16, 0, 1, '大分類三之一', NULL, '2012-06-19 22:20:40', '2022-06-19 22:20:40', '2012-06-19 22:20:45', 1);

-- --------------------------------------------------------

--
-- 資料表結構 `qa_type`
--

CREATE TABLE IF NOT EXISTS `qa_type` (
  `qa_typeid` int(11) NOT NULL AUTO_INCREMENT COMMENT '產品種類編號',
  `qa_type_name` varchar(50) COLLATE utf8_unicode_ci NOT NULL COMMENT '產品種類名稱',
  `sort` int(11) NOT NULL COMMENT '自訂排序',
  PRIMARY KEY (`qa_typeid`)
) ENGINE=MyISAM  DEFAULT CHARSET=utf8 COLLATE=utf8_unicode_ci COMMENT='產品種類資料表' AUTO_INCREMENT=5 ;

--
-- 資料表的匯出資料 `qa_type`
--

INSERT INTO `qa_type` (`qa_typeid`, `qa_type_name`, `sort`) VALUES
(1, '首頁輪播廣告', 1),
(2, '最新消息', 2),
(3, '常見問題', 3);

-- --------------------------------------------------------

--
-- 資料表結構 `seo`
--

CREATE TABLE IF NOT EXISTS `seo` (
  `seo_id` int(11) NOT NULL AUTO_INCREMENT,
  `seo_title` text COLLATE utf8_unicode_ci,
  `seo_btitle` text COLLATE utf8_unicode_ci,
  `seo_keywords` text COLLATE utf8_unicode_ci,
  `seo_description` text COLLATE utf8_unicode_ci,
  `seo_author` text COLLATE utf8_unicode_ci,
  `seo_company` text COLLATE utf8_unicode_ci,
  `seo_copyright` text COLLATE utf8_unicode_ci,
  `seo_distribution` text COLLATE utf8_unicode_ci,
  `seo_robots` text COLLATE utf8_unicode_ci,
  `seo_revisitafter` text COLLATE utf8_unicode_ci,
  `seo_rating` text COLLATE utf8_unicode_ci,
  `seo_GoogleAnalytics` text COLLATE utf8_unicode_ci,
  PRIMARY KEY (`seo_id`)
) ENGINE=MyISAM  DEFAULT CHARSET=utf8 COLLATE=utf8_unicode_ci AUTO_INCREMENT=2 ;

--
-- 資料表的匯出資料 `seo`
--

INSERT INTO `seo` (`seo_id`, `seo_title`, `seo_btitle`, `seo_keywords`, `seo_description`, `seo_author`, `seo_company`, `seo_copyright`, `seo_distribution`, `seo_robots`, `seo_revisitafter`, `seo_rating`, `seo_GoogleAnalytics`) VALUES
(1, '小包直覺設計，網頁設計，網站設計', '小包直覺設計後台管理系統', '網頁設計，網頁設計公司，網站設計，網站設計公司，網頁製作，網站規劃，程式設計，網站架設，電子商務，網站形象，網站建置', '我們可製作旅遊網站、民宿網站、餐廳網站、婚紗網站、診所網站、企業形象網站、資訊網站、貿易網站、活動網站', '小包直覺設計', '台北網頁設計,桃園網頁設計,新竹網頁設計,苗栗網頁設計,台中網頁設計,彰化網頁設計,南投網頁設計,雲林網頁設計,嘉義網頁設計,台南網頁設計,高雄網頁設計', '小包直覺設計', 'Taiwan', 'index, follow', '1 days', 'general', NULL);

-- --------------------------------------------------------

--
-- 資料表結構 `smtp`
--

CREATE TABLE IF NOT EXISTS `smtp` (
  `smtp_id` int(11) NOT NULL AUTO_INCREMENT,
  `smtp_tls` int(1) NOT NULL,
  `smtp_address` varchar(50) COLLATE utf8_unicode_ci NOT NULL,
  `smtp_port` int(11) NOT NULL,
  `smtp_safe` varchar(5) COLLATE utf8_unicode_ci NOT NULL,
  `smtp_username` varchar(50) COLLATE utf8_unicode_ci NOT NULL,
  `smtp_password` varchar(50) COLLATE utf8_unicode_ci NOT NULL,
  `smtp_email` varchar(50) COLLATE utf8_unicode_ci NOT NULL,
  PRIMARY KEY (`smtp_id`)
) ENGINE=MyISAM  DEFAULT CHARSET=utf8 COLLATE=utf8_unicode_ci AUTO_INCREMENT=2 ;

--
-- 資料表的匯出資料 `smtp`
--

INSERT INTO `smtp` (`smtp_id`, `smtp_tls`, `smtp_address`, `smtp_port`, `smtp_safe`, `smtp_username`, `smtp_password`, `smtp_email`) VALUES
(1, 0, 'mail.littlebau.com', 25, 'true', 'bau720123@littlebau.com', '720123bau', 'bau720123@littlebau.com');

-- --------------------------------------------------------

--
-- 資料表結構 `system_data`
--

CREATE TABLE IF NOT EXISTS `system_data` (
  `system_data_id` int(11) NOT NULL AUTO_INCREMENT,
  `system_data_1` int(11) NOT NULL DEFAULT '10',
  `system_data_2` int(11) NOT NULL DEFAULT '10',
  `system_data_3` int(11) NOT NULL DEFAULT '10',
  `system_data_4` int(11) NOT NULL DEFAULT '10',
  `system_data_5` int(11) NOT NULL DEFAULT '10',
  `system_data_6` int(11) NOT NULL DEFAULT '10',
  `system_data_7` int(11) NOT NULL DEFAULT '0',
  `system_data_8` int(11) NOT NULL DEFAULT '0',
  `system_data_9` int(11) NOT NULL DEFAULT '0',
  `system_data_10` double NOT NULL,
  PRIMARY KEY (`system_data_id`)
) ENGINE=MyISAM  DEFAULT CHARSET=utf8 COLLATE=utf8_unicode_ci AUTO_INCREMENT=2 ;

--
-- 資料表的匯出資料 `system_data`
--

INSERT INTO `system_data` (`system_data_id`, `system_data_1`, `system_data_2`, `system_data_3`, `system_data_4`, `system_data_5`, `system_data_6`, `system_data_7`, `system_data_8`, `system_data_9`, `system_data_10`) VALUES
(1, 10, 10, 10, 10, 10, 10, 3000, 100, 5000, 0.85);

/*!40101 SET CHARACTER_SET_CLIENT=@OLD_CHARACTER_SET_CLIENT */;
/*!40101 SET CHARACTER_SET_RESULTS=@OLD_CHARACTER_SET_RESULTS */;
/*!40101 SET COLLATION_CONNECTION=@OLD_COLLATION_CONNECTION */;
